run_id,workload,block_id,sequence_index,timestamp,timestamp_ns,checkpoint,variant,raw_elapsed_ns,operations_per_run,ns_per_operation,result,cpu_affinity,control_candidate_role
p7-p9-v2-6ae9e1f,P7,block-000,1,2026-08-22T16:24:04.371395+00:00,1787415844371426919,C,O0,2510901,4096,613.012939453125,3615354,taskset -c 0,control
p7-p9-v2-6ae9e1f,P7,block-000,2,2026-08-22T16:24:04.374151+00:00,1787415844374169936,C,O2,2674929,4096,653.058837890625,3615354,taskset -c 0,control
p7-p9-v2-6ae9e1f,P7,block-000,3,2026-08-22T16:24:04.376777+00:00,1787415844376793665,C,O3,2564430,4096,626.08154296875,3615354,taskset -c 0,control
p7-p9-v2-6ae9e1f,P7,block-000,4,2026-08-22T16:24:04.379681+00:00,1787415844379701590,H4,O0,2788507,4096,680.787841796875,3615354,taskset -c 0,candidate
p7-p9-v2-6ae9e1f,P7,block-000,5,2026-08-22T16:24:04.382235+00:00,1787415844382321280,H4,O1,2489572,4096,607.8056640625,3615354,taskset -c 0,candidate
p7-p9-v2-6ae9e1f,P7,block-000,6,2026-08-22T16:24:04.385227+00:00,1787415844385245464,H5,O0,2861675,4096,698.651123046875,3615354,taskset -c 0,candidate
p7-p9-v2-6ae9e1f,P7,block-000,7,2026-08-22T16:24:04.387885+00:00,1787415844387904993,H5,O1,2595560,4096,633.681640625,3615354,taskset -c 0,candidate
p7-p9-v2-6ae9e1f,P7,block-001,8,2026-08-22T16:24:04.390509+00:00,1787415844390525872,C,O2,2555280,4096,623.84765625,3615354,taskset -c 0,control
p7-p9-v2-6ae9e1f,P7,block-001,9,2026-08-22T16:24:04.393103+00:00,1787415844393120032,C,O3,2536911,4096,619.363037109375,3615354,taskset -c 0,control
p7-p9-v2-6ae9e1f,P7,block-001,10,2026-08-22T16:24:04.395894+00:00,1787415844395913839,H4,O0,2732168,4096,667.033203125,3615354,taskset -c 0,candidate
p7-p9-v2-6ae9e1f,P7,block-001,11,2026-08-22T16:24:04.398549+00:00,1787415844398567157,H4,O1,2591789,4096,632.760986328125,3615354,taskset -c 0,candidate
p7-p9-v2-6ae9e1f,P7,block-001,12,2026-08-22T16:24:04.401352+00:00,1787415844401374954,H5,O0,2670519,4096,651.982177734375,3615354,taskset -c 0,candidate
p7-p9-v2-6ae9e1f,P7,block-001,13,2026-08-22T16:24:04.403883+00:00,1787415844403987553,H5,O1,2466121,4096,602.080322265625,3615354,taskset -c 0,candidate
p7-p9-v2-6ae9e1f,P7,block-001,14,2026-08-22T16:24:04.406487+00:00,1787415844406503174,C,O0,2380413,4096,581.155517578125,3615354,taskset -c 0,control
p7-p9-v2-6ae9e1f,P7,block-002,15,2026-08-22T16:24:04.408928+00:00,1787415844408944336,C,O3,2379043,4096,580.821044921875,3615354,taskset -c 0,control
p7-p9-v2-6ae9e1f,P7,block-002,16,2026-08-22T16:24:04.411622+00:00,1787415844411640214,H4,O0,2636969,4096,643.791259765625,3615354,taskset -c 0,candidate
p7-p9-v2-6ae9e1f,P7,block-002,17,2026-08-22T16:24:04.414137+00:00,1787415844414153635,H4,O1,2457962,4096,600.08837890625,3615354,taskset -c 0,candidate
p7-p9-v2-6ae9e1f,P7,block-002,18,2026-08-22T16:24:04.416613+00:00,1787415844416632117,H5,O0,2417833,4096,590.291259765625,3615354,taskset -c 0,candidate
p7-p9-v2-6ae9e1f,P7,block-002,19,2026-08-22T16:24:04.418662+00:00,1787415844418681125,H5,O1,1988819,4096,485.551513671875,3615354,taskset -c 0,candidate
p7-p9-v2-6ae9e1f,P7,block-002,20,2026-08-22T16:24:04.420671+00:00,1787415844420690764,C,O0,1950060,4096,476.0888671875,3615354,taskset -c 0,control
p7-p9-v2-6ae9e1f,P7,block-002,21,2026-08-22T16:24:04.422824+00:00,1787415844422843191,C,O2,2084678,4096,508.95458984375,3615354,taskset -c 0,control
p7-p9-v2-6ae9e1f,P7,block-003,22,2026-08-22T16:24:04.425183+00:00,1787415844425222394,H4,O0,2295305,4096,560.377197265625,3615354,taskset -c 0,candidate
p7-p9-v2-6ae9e1f,P7,block-003,23,2026-08-22T16:24:04.427460+00:00,1787415844427481238,H4,O1,2192426,4096,535.26025390625,3615354,taskset -c 0,candidate
p7-p9-v2-6ae9e1f,P7,block-003,24,2026-08-22T16:24:04.429795+00:00,1787415844429812582,H5,O0,2262095,4096,552.269287109375,3615354,taskset -c 0,candidate
p7-p9-v2-6ae9e1f,P7,block-003,25,2026-08-22T16:24:04.431864+00:00,1787415844431881780,H5,O1,2013449,4096,491.564697265625,3615354,taskset -c 0,candidate
p7-p9-v2-6ae9e1f,P7,block-003,26,2026-08-22T16:24:04.433975+00:00,1787415844433990207,C,O0,2052588,4096,501.1201171875,3615354,taskset -c 0,control
p7-p9-v2-6ae9e1f,P7,block-003,27,2026-08-22T16:24:04.436091+00:00,1787415844436106434,C,O2,2061928,4096,503.400390625,3615354,taskset -c 0,control
p7-p9-v2-6ae9e1f,P7,block-003,28,2026-08-22T16:24:04.438327+00:00,1787415844438342860,C,O3,2180506,4096,532.35009765625,3615354,taskset -c 0,control
p7-p9-v2-6ae9e1f,P7,block-004,29,2026-08-22T16:24:04.440784+00:00,1787415844440802518,H4,O1,2397088,4096,585.2265625,3615354,taskset -c 0,candidate
p7-p9-v2-6ae9e1f,P7,block-004,30,2026-08-22T16:24:04.443384+00:00,1787415844443403417,H5,O0,2541651,4096,620.520263671875,3615354,taskset -c 0,candidate
p7-p9-v2-6ae9e1f,P7,block-004,31,2026-08-22T16:24:04.445773+00:00,1787415844445794280,H5,O1,2325194,4096,567.67431640625,3615354,taskset -c 0,candidate
p7-p9-v2-6ae9e1f,P7,block-004,32,2026-08-22T16:24:04.448165+00:00,1787415844448182503,C,O0,2295154,4096,560.34033203125,3615354,taskset -c 0,control
p7-p9-v2-6ae9e1f,P7,block-004,33,2026-08-22T16:24:04.450742+00:00,1787415844450760403,C,O2,2517251,4096,614.563232421875,3615354,taskset -c 0,control
p7-p9-v2-6ae9e1f,P7,block-004,34,2026-08-22T16:24:04.454254+00:00,1787415844454277212,C,O3,3437180,4096,839.1552734375,3615354,taskset -c 0,control
p7-p9-v2-6ae9e1f,P7,block-004,35,2026-08-22T16:24:04.456815+00:00,1787415844456832073,H4,O0,2494331,4096,608.967529296875,3615354,taskset -c 0,candidate
p7-p9-v2-6ae9e1f,P7,block-005,36,2026-08-22T16:24:04.459171+00:00,1787415844459189566,H5,O0,2292925,4096,559.796142578125,3615354,taskset -c 0,candidate
p7-p9-v2-6ae9e1f,P7,block-005,37,2026-08-22T16:24:04.461607+00:00,1787415844461626308,H5,O1,2377783,4096,580.513427734375,3615354,taskset -c 0,candidate
p7-p9-v2-6ae9e1f,P7,block-005,38,2026-08-22T16:24:04.463759+00:00,1787415844463774755,C,O0,2093327,4096,511.066162109375,3615354,taskset -c 0,control
p7-p9-v2-6ae9e1f,P7,block-005,39,2026-08-22T16:24:04.466147+00:00,1787415844466164278,C,O2,2333523,4096,569.707763671875,3615354,taskset -c 0,control
p7-p9-v2-6ae9e1f,P7,block-005,40,2026-08-22T16:24:04.468597+00:00,1787415844468613250,C,O3,2391732,4096,583.9189453125,3615354,taskset -c 0,control
p7-p9-v2-6ae9e1f,P7,block-005,41,2026-08-22T16:24:04.471009+00:00,1787415844471027182,H4,O0,2357764,4096,575.6259765625,3615354,taskset -c 0,candidate
p7-p9-v2-6ae9e1f,P7,block-005,42,2026-08-22T16:24:04.473363+00:00,1787415844473381066,H4,O1,2288714,4096,558.76806640625,3615354,taskset -c 0,candidate
p7-p9-v2-6ae9e1f,P7,block-006,43,2026-08-22T16:24:04.475721+00:00,1787415844475739149,H5,O1,2296945,4096,560.777587890625,3615354,taskset -c 0,candidate
p7-p9-v2-6ae9e1f,P7,block-006,44,2026-08-22T16:24:04.478012+00:00,1787415844478029743,C,O0,2233575,4096,545.306396484375,3615354,taskset -c 0,control
p7-p9-v2-6ae9e1f,P7,block-006,45,2026-08-22T16:24:04.480296+00:00,1787415844480312218,C,O2,2226876,4096,543.6708984375,3615354,taskset -c 0,control
p7-p9-v2-6ae9e1f,P7,block-006,46,2026-08-22T16:24:04.482450+00:00,1787415844482466284,C,O3,2099887,4096,512.667724609375,3615354,taskset -c 0,control
p7-p9-v2-6ae9e1f,P7,block-006,47,2026-08-22T16:24:04.484864+00:00,1787415844484882867,H4,O0,2359504,4096,576.05078125,3615354,taskset -c 0,candidate
p7-p9-v2-6ae9e1f,P7,block-006,48,2026-08-22T16:24:04.487142+00:00,1787415844487159762,H4,O1,2218236,4096,541.5615234375,3615354,taskset -c 0,candidate
p7-p9-v2-6ae9e1f,P7,block-006,49,2026-08-22T16:24:04.489672+00:00,1787415844489690202,H5,O0,2473401,4096,603.857666015625,3615354,taskset -c 0,candidate
p7-p9-v2-6ae9e1f,P7,block-007,50,2026-08-22T16:24:04.492010+00:00,1787415844492026966,C,O0,2271325,4096,554.522705078125,3615354,taskset -c 0,control
p7-p9-v2-6ae9e1f,P7,block-007,51,2026-08-22T16:24:04.494719+00:00,1787415844494738160,C,O2,2648215,4096,646.536865234375,3615354,taskset -c 0,control
p7-p9-v2-6ae9e1f,P7,block-007,52,2026-08-22T16:24:04.498131+00:00,1787415844498151057,C,O3,3350488,4096,817.990234375,3615354,taskset -c 0,control
p7-p9-v2-6ae9e1f,P7,block-007,53,2026-08-22T16:24:04.501479+00:00,1787415844501500749,H4,O0,3285653,4096,802.161376953125,3615354,taskset -c 0,candidate
p7-p9-v2-6ae9e1f,P7,block-007,54,2026-08-22T16:24:04.503562+00:00,1787415844503583017,H4,O1,2012379,4096,491.303466796875,3615354,taskset -c 0,candidate
p7-p9-v2-6ae9e1f,P7,block-007,55,2026-08-22T16:24:04.505877+00:00,1787415844505894241,H5,O0,2257145,4096,551.060791015625,3615354,taskset -c 0,candidate
p7-p9-v2-6ae9e1f,P7,block-007,56,2026-08-22T16:24:04.507991+00:00,1787415844508008098,H5,O1,2056618,4096,502.10400390625,3615354,taskset -c 0,candidate
p7-p9-v2-6ae9e1f,P7,block-008,57,2026-08-22T16:24:04.510489+00:00,1787415844510508759,C,O2,2418012,4096,590.3349609375,3615354,taskset -c 0,control
p7-p9-v2-6ae9e1f,P7,block-008,58,2026-08-22T16:24:04.513393+00:00,1787415844513411184,C,O3,2841596,4096,693.7490234375,3615354,taskset -c 0,control
p7-p9-v2-6ae9e1f,P7,block-008,59,2026-08-22T16:24:04.515844+00:00,1787415844515861766,H4,O0,2390463,4096,583.609130859375,3615354,taskset -c 0,candidate
p7-p9-v2-6ae9e1f,P7,block-008,60,2026-08-22T16:24:04.518209+00:00,1787415844518226389,H4,O1,2307284,4096,563.3017578125,3615354,taskset -c 0,candidate
p7-p9-v2-6ae9e1f,P7,block-008,61,2026-08-22T16:24:04.520746+00:00,1787415844520762320,H5,O0,2481822,4096,605.91357421875,3615354,taskset -c 0,candidate
p7-p9-v2-6ae9e1f,P7,block-008,62,2026-08-22T16:24:04.523180+00:00,1787415844523200202,H5,O1,2370223,4096,578.667724609375,3615354,taskset -c 0,candidate
p7-p9-v2-6ae9e1f,P7,block-008,63,2026-08-22T16:24:04.525778+00:00,1787415844525795162,C,O0,2536250,4096,619.20166015625,3615354,taskset -c 0,control
p7-p9-v2-6ae9e1f,P7,block-009,64,2026-08-22T16:24:04.528130+00:00,1787415844528147716,C,O3,2282865,4096,557.340087890625,3615354,taskset -c 0,control
p7-p9-v2-6ae9e1f,P7,block-009,65,2026-08-22T16:24:04.530890+00:00,1787415844530906023,H4,O0,2703708,4096,660.0849609375,3615354,taskset -c 0,candidate
p7-p9-v2-6ae9e1f,P7,block-009,66,2026-08-22T16:24:04.533389+00:00,1787415844533408364,H4,O1,2431343,4096,593.589599609375,3615354,taskset -c 0,candidate
p7-p9-v2-6ae9e1f,P7,block-009,67,2026-08-22T16:24:04.535873+00:00,1787415844535890415,H5,O0,2427113,4096,592.556884765625,3615354,taskset -c 0,candidate
p7-p9-v2-6ae9e1f,P7,block-009,68,2026-08-22T16:24:04.537995+00:00,1787415844538012052,H5,O1,2067318,4096,504.71630859375,3615354,taskset -c 0,candidate
p7-p9-v2-6ae9e1f,P7,block-009,69,2026-08-22T16:24:04.540025+00:00,1787415844540040821,C,O0,1974069,4096,481.950439453125,3615354,taskset -c 0,control
p7-p9-v2-6ae9e1f,P7,block-009,70,2026-08-22T16:24:04.542236+00:00,1787415844542252417,C,O2,2156737,4096,526.547119140625,3615354,taskset -c 0,control
p7-p9-v2-6ae9e1f,P7,block-010,71,2026-08-22T16:24:04.544656+00:00,1787415844544673309,H4,O0,2355944,4096,575.181640625,3615354,taskset -c 0,candidate
p7-p9-v2-6ae9e1f,P7,block-010,72,2026-08-22T16:24:04.546753+00:00,1787415844546769246,H4,O1,2041958,4096,498.52490234375,3615354,taskset -c 0,candidate
p7-p9-v2-6ae9e1f,P7,block-010,73,2026-08-22T16:24:04.549049+00:00,1787415844549067421,H5,O0,2242675,4096,547.528076171875,3615354,taskset -c 0,candidate
p7-p9-v2-6ae9e1f,P7,block-010,74,2026-08-22T16:24:04.551436+00:00,1787415844551459899,H5,O1,2266840,4096,553.427734375,3615354,taskset -c 0,candidate
p7-p9-v2-6ae9e1f,P7,block-010,75,2026-08-22T16:24:04.553941+00:00,1787415844553961380,C,O0,2435552,4096,594.6171875,3615354,taskset -c 0,control
p7-p9-v2-6ae9e1f,P7,block-010,76,2026-08-22T16:24:04.556251+00:00,1787415844556267854,C,O2,2183507,4096,533.082763671875,3615354,taskset -c 0,control
p7-p9-v2-6ae9e1f,P7,block-010,77,2026-08-22T16:24:04.558240+00:00,1787415844558255733,C,O3,1929540,4096,471.0791015625,3615354,taskset -c 0,control
p7-p9-v2-6ae9e1f,P7,block-011,78,2026-08-22T16:24:04.560695+00:00,1787415844560713415,H4,O1,2393542,4096,584.36083984375,3615354,taskset -c 0,candidate
p7-p9-v2-6ae9e1f,P7,block-011,79,2026-08-22T16:24:04.563138+00:00,1787415844563160737,H5,O0,2373324,4096,579.4248046875,3615354,taskset -c 0,candidate
p7-p9-v2-6ae9e1f,P7,block-011,80,2026-08-22T16:24:04.565900+00:00,1787415844565917124,H5,O1,2697238,4096,658.50537109375,3615354,taskset -c 0,candidate
p7-p9-v2-6ae9e1f,P7,block-011,81,2026-08-22T16:24:04.568363+00:00,1787415844568380336,C,O0,2406232,4096,587.458984375,3615354,taskset -c 0,control
p7-p9-v2-6ae9e1f,P7,block-011,82,2026-08-22T16:24:04.570808+00:00,1787415844570824788,C,O2,2386974,4096,582.75732421875,3615354,taskset -c 0,control
p7-p9-v2-6ae9e1f,P7,block-011,83,2026-08-22T16:24:04.573078+00:00,1787415844573096762,C,O3,2210455,4096,539.661865234375,3615354,taskset -c 0,control
p7-p9-v2-6ae9e1f,P7,block-011,84,2026-08-22T16:24:04.576494+00:00,1787415844576515249,H4,O0,3341588,4096,815.8173828125,3615354,taskset -c 0,candidate
p7-p9-v2-6ae9e1f,P7,block-012,85,2026-08-22T16:24:04.579473+00:00,1787415844579491673,H5,O0,2908835,4096,710.164794921875,3615354,taskset -c 0,candidate
p7-p9-v2-6ae9e1f,P7,block-012,86,2026-08-22T16:24:04.582473+00:00,1787415844582491326,H5,O1,2937054,4096,717.05419921875,3615354,taskset -c 0,candidate
p7-p9-v2-6ae9e1f,P7,block-012,87,2026-08-22T16:24:04.585120+00:00,1787415844585135775,C,O0,2588870,4096,632.04833984375,3615354,taskset -c 0,control
p7-p9-v2-6ae9e1f,P7,block-012,88,2026-08-22T16:24:04.587328+00:00,1787415844587344811,C,O2,2156057,4096,526.381103515625,3615354,taskset -c 0,control
p7-p9-v2-6ae9e1f,P7,block-012,89,2026-08-22T16:24:04.589419+00:00,1787415844589434588,C,O3,2036908,4096,497.2919921875,3615354,taskset -c 0,control
p7-p9-v2-6ae9e1f,P7,block-012,90,2026-08-22T16:24:04.591581+00:00,1787415844591599615,H4,O0,2108458,4096,514.76025390625,3615354,taskset -c 0,candidate
p7-p9-v2-6ae9e1f,P7,block-012,91,2026-08-22T16:24:04.593682+00:00,1787415844593703392,H4,O1,2033728,4096,496.515625,3615354,taskset -c 0,candidate
p7-p9-v2-6ae9e1f,P7,block-013,92,2026-08-22T16:24:04.595741+00:00,1787415844595759670,H5,O1,1987729,4096,485.285400390625,3615354,taskset -c 0,candidate
p7-p9-v2-6ae9e1f,P7,block-013,93,2026-08-22T16:24:04.597801+00:00,1787415844597817683,C,O0,1994434,4096,486.92236328125,3615354,taskset -c 0,control
p7-p9-v2-6ae9e1f,P7,block-013,94,2026-08-22T16:24:04.599846+00:00,1787415844599864161,C,O2,1978139,4096,482.944091796875,3615354,taskset -c 0,control
p7-p9-v2-6ae9e1f,P7,block-013,95,2026-08-22T16:24:04.601872+00:00,1787415844601891580,C,O3,1968180,4096,480.5126953125,3615354,taskset -c 0,control
p7-p9-v2-6ae9e1f,P7,block-013,96,2026-08-22T16:24:04.604200+00:00,1787415844604217774,H4,O0,2214916,4096,540.7509765625,3615354,taskset -c 0,candidate
p7-p9-v2-6ae9e1f,P7,block-013,97,2026-08-22T16:24:04.606378+00:00,1787415844606394540,H4,O1,2121877,4096,518.036376953125,3615354,taskset -c 0,candidate
p7-p9-v2-6ae9e1f,P7,block-013,98,2026-08-22T16:24:04.608557+00:00,1787415844608573346,H5,O0,2125087,4096,518.820068359375,3615354,taskset -c 0,candidate
p7-p9-v2-6ae9e1f,P7,block-014,99,2026-08-22T16:24:04.610514+00:00,1787415844610530306,C,O0,1897260,4096,463.1982421875,3615354,taskset -c 0,control
p7-p9-v2-6ae9e1f,P7,block-014,100,2026-08-22T16:24:04.612527+00:00,1787415844612542945,C,O2,1959919,4096,478.495849609375,3615354,taskset -c 0,control
p7-p9-v2-6ae9e1f,P7,block-014,101,2026-08-22T16:24:04.614538+00:00,1787415844614552483,C,O3,1958419,4096,478.129638671875,3615354,taskset -c 0,control
p7-p9-v2-6ae9e1f,P7,block-014,102,2026-08-22T16:24:04.616720+00:00,1787415844616736539,H4,O0,2128837,4096,519.735595703125,3615354,taskset -c 0,candidate
p7-p9-v2-6ae9e1f,P7,block-014,103,2026-08-22T16:24:04.618900+00:00,1787415844618947025,H4,O1,2123267,4096,518.375732421875,3615354,taskset -c 0,candidate
p7-p9-v2-6ae9e1f,P7,block-014,104,2026-08-22T16:24:04.621510+00:00,1787415844621537105,H5,O0,2506011,4096,611.819091796875,3615354,taskset -c 0,candidate
p7-p9-v2-6ae9e1f,P7,block-014,105,2026-08-22T16:24:04.625070+00:00,1787415844625089300,H5,O1,3487196,4096,851.3662109375,3615354,taskset -c 0,candidate
p7-p9-v2-6ae9e1f,P7,block-015,106,2026-08-22T16:24:04.628183+00:00,1787415844628200688,C,O2,3047998,4096,744.14013671875,3615354,taskset -c 0,control
p7-p9-v2-6ae9e1f,P7,block-015,107,2026-08-22T16:24:04.632598+00:00,1787415844632618513,C,O3,4349786,4096,1061.95947265625,3615354,taskset -c 0,control
p7-p9-v2-6ae9e1f,P7,block-015,108,2026-08-22T16:24:04.635837+00:00,1787415844635857013,H4,O0,3171690,4096,774.33837890625,3615354,taskset -c 0,candidate
p7-p9-v2-6ae9e1f,P7,block-015,109,2026-08-22T16:24:04.638933+00:00,1787415844638952235,H4,O1,3032233,4096,740.291259765625,3615354,taskset -c 0,candidate
p7-p9-v2-6ae9e1f,P7,block-015,110,2026-08-22T16:24:04.642743+00:00,1787415844642768015,H5,O0,3736202,4096,912.15869140625,3615354,taskset -c 0,candidate
p7-p9-v2-6ae9e1f,P7,block-015,111,2026-08-22T16:24:04.646945+00:00,1787415844646962320,H5,O1,4130126,4096,1008.33154296875,3615354,taskset -c 0,candidate
p7-p9-v2-6ae9e1f,P7,block-015,112,2026-08-22T16:24:04.650608+00:00,1787415844650634660,C,O0,3584671,4096,875.163818359375,3615354,taskset -c 0,control
p7-p9-v2-6ae9e1f,P7,block-016,113,2026-08-22T16:24:04.656313+00:00,1787415844656338304,C,O3,5540327,4096,1352.618896484375,3615354,taskset -c 0,control
p7-p9-v2-6ae9e1f,P7,block-016,114,2026-08-22T16:24:04.661264+00:00,1787415844661292907,H4,O0,4841385,4096,1181.978759765625,3615354,taskset -c 0,candidate
p7-p9-v2-6ae9e1f,P7,block-016,115,2026-08-22T16:24:04.664966+00:00,1787415844664995870,H4,O1,3611464,4096,881.705078125,3615354,taskset -c 0,candidate
p7-p9-v2-6ae9e1f,P7,block-016,116,2026-08-22T16:24:04.669788+00:00,1787415844669814160,H5,O0,4729912,4096,1154.763671875,3615354,taskset -c 0,candidate
p7-p9-v2-6ae9e1f,P7,block-016,117,2026-08-22T16:24:04.673520+00:00,1787415844673546933,H5,O1,3639584,4096,888.5703125,3615354,taskset -c 0,candidate
p7-p9-v2-6ae9e1f,P7,block-016,118,2026-08-22T16:24:04.677677+00:00,1787415844677704473,C,O0,4071201,4096,993.945556640625,3615354,taskset -c 0,control
p7-p9-v2-6ae9e1f,P7,block-016,119,2026-08-22T16:24:04.681941+00:00,1787415844681964027,C,O2,4175116,4096,1019.3154296875,3615354,taskset -c 0,control
p7-p9-v2-6ae9e1f,P7,block-017,120,2026-08-22T16:24:04.686529+00:00,1787415844686560510,H4,O0,4407519,4096,1076.054443359375,3615354,taskset -c 0,candidate
p7-p9-v2-6ae9e1f,P7,block-017,121,2026-08-22T16:24:04.689753+00:00,1787415844689774175,H4,O1,3139096,4096,766.380859375,3615354,taskset -c 0,candidate
p7-p9-v2-6ae9e1f,P7,block-017,122,2026-08-22T16:24:04.693695+00:00,1787415844693726294,H5,O0,3861640,4096,942.783203125,3615354,taskset -c 0,candidate
p7-p9-v2-6ae9e1f,P7,block-017,123,2026-08-22T16:24:04.697789+00:00,1787415844697810580,H5,O1,4011258,4096,979.31103515625,3615354,taskset -c 0,candidate
p7-p9-v2-6ae9e1f,P7,block-017,124,2026-08-22T16:24:04.701817+00:00,1787415844701848168,C,O0,3712812,4096,906.4482421875,3615354,taskset -c 0,control
p7-p9-v2-6ae9e1f,P7,block-017,125,2026-08-22T16:24:04.705808+00:00,1787415844705825536,C,O2,3907789,4096,954.050048828125,3615354,taskset -c 0,control
p7-p9-v2-6ae9e1f,P7,block-017,126,2026-08-22T16:24:04.709399+00:00,1787415844709423505,C,O3,3520251,4096,859.436279296875,3615354,taskset -c 0,control
p7-p9-v2-6ae9e1f,P7,block-018,127,2026-08-22T16:24:04.712966+00:00,1787415844712997414,H4,O1,3474400,4096,848.2421875,3615354,taskset -c 0,candidate
p7-p9-v2-6ae9e1f,P7,block-018,128,2026-08-22T16:24:04.717857+00:00,1787415844717889198,H5,O0,4788496,4096,1169.06640625,3615354,taskset -c 0,candidate
p7-p9-v2-6ae9e1f,P7,block-018,129,2026-08-22T16:24:04.722023+00:00,1787415844722048019,H5,O1,4074462,4096,994.74169921875,3615354,taskset -c 0,candidate
p7-p9-v2-6ae9e1f,P7,block-018,130,2026-08-22T16:24:04.726967+00:00,1787415844727120150,C,O0,4857075,4096,1185.809326171875,3615354,taskset -c 0,control
p7-p9-v2-6ae9e1f,P7,block-018,131,2026-08-22T16:24:04.731476+00:00,1787415844731511317,C,O2,4284788,4096,1046.0908203125,3615354,taskset -c 0,control
p7-p9-v2-6ae9e1f,P7,block-018,132,2026-08-22T16:24:04.735497+00:00,1787415844735521994,C,O3,3927719,4096,958.915771484375,3615354,taskset -c 0,control
p7-p9-v2-6ae9e1f,P7,block-018,133,2026-08-22T16:24:04.739515+00:00,1787415844739538498,H4,O0,3939115,4096,961.697998046875,3615354,taskset -c 0,candidate
p7-p9-v2-6ae9e1f,P7,block-019,134,2026-08-22T16:24:04.743666+00:00,1787415844743693643,H5,O0,4048766,4096,988.46826171875,3615354,taskset -c 0,candidate
p7-p9-v2-6ae9e1f,P7,block-019,135,2026-08-22T16:24:04.747351+00:00,1787415844747372621,H5,O1,3609479,4096,881.220458984375,3615354,taskset -c 0,candidate
p7-p9-v2-6ae9e1f,P7,block-019,136,2026-08-22T16:24:04.751837+00:00,1787415844751870906,C,O0,4405537,4096,1075.570556640625,3615354,taskset -c 0,control
p7-p9-v2-6ae9e1f,P7,block-019,137,2026-08-22T16:24:04.756497+00:00,1787415844756519844,C,O2,4566759,4096,1114.931396484375,3615354,taskset -c 0,control
p7-p9-v2-6ae9e1f,P7,block-019,138,2026-08-22T16:24:04.761301+00:00,1787415844761330269,C,O3,4709258,4096,1149.72119140625,3615354,taskset -c 0,control
p7-p9-v2-6ae9e1f,P7,block-019,139,2026-08-22T16:24:04.766077+00:00,1787415844766100576,H4,O0,4683118,4096,1143.33935546875,3615354,taskset -c 0,candidate
p7-p9-v2-6ae9e1f,P7,block-019,140,2026-08-22T16:24:04.769884+00:00,1787415844769908505,H4,O1,3728420,4096,910.2587890625,3615354,taskset -c 0,candidate
p7-p9-v2-6ae9e1f,P7,block-020,141,2026-08-22T16:24:04.773943+00:00,1787415844773963764,H5,O1,3975280,4096,970.52734375,3615354,taskset -c 0,candidate
p7-p9-v2-6ae9e1f,P7,block-020,142,2026-08-22T16:24:04.778170+00:00,1787415844778199122,C,O0,4147069,4096,1012.468017578125,3615354,taskset -c 0,control
p7-p9-v2-6ae9e1f,P7,block-020,143,2026-08-22T16:24:04.782738+00:00,1787415844782765807,C,O2,4481127,4096,1094.025146484375,3615354,taskset -c 0,control
p7-p9-v2-6ae9e1f,P7,block-020,144,2026-08-22T16:24:04.786378+00:00,1787415844786401695,C,O3,3535840,4096,863.2421875,3615354,taskset -c 0,control
p7-p9-v2-6ae9e1f,P7,block-020,145,2026-08-22T16:24:04.790056+00:00,1787415844790075782,H4,O0,3608379,4096,880.951904296875,3615354,taskset -c 0,candidate
p7-p9-v2-6ae9e1f,P7,block-020,146,2026-08-22T16:24:04.794004+00:00,1787415844794029736,H4,O1,3872625,4096,945.465087890625,3615354,taskset -c 0,candidate
p7-p9-v2-6ae9e1f,P7,block-020,147,2026-08-22T16:24:04.797974+00:00,1787415844798000011,H5,O0,3883356,4096,948.0849609375,3615354,taskset -c 0,candidate
p7-p9-v2-6ae9e1f,P7,block-021,148,2026-08-22T16:24:04.802097+00:00,1787415844802223095,C,O0,4025998,4096,982.90966796875,3615354,taskset -c 0,control
p7-p9-v2-6ae9e1f,P7,block-021,149,2026-08-22T16:24:04.805678+00:00,1787415844805697545,C,O2,3403040,4096,830.8203125,3615354,taskset -c 0,control
p7-p9-v2-6ae9e1f,P7,block-021,150,2026-08-22T16:24:04.809567+00:00,1787415844809598074,C,O3,3803072,4096,928.484375,3615354,taskset -c 0,control
p7-p9-v2-6ae9e1f,P7,block-021,151,2026-08-22T16:24:04.814854+00:00,1787415844814875552,H4,O0,5172580,4096,1262.8369140625,3615354,taskset -c 0,candidate
p7-p9-v2-6ae9e1f,P7,block-021,152,2026-08-22T16:24:04.818669+00:00,1787415844818694303,H4,O1,3735922,4096,912.09033203125,3615354,taskset -c 0,candidate
p7-p9-v2-6ae9e1f,P7,block-021,153,2026-08-22T16:24:04.822213+00:00,1787415844822237408,H5,O0,3466286,4096,846.26123046875,3615354,taskset -c 0,candidate
p7-p9-v2-6ae9e1f,P7,block-021,154,2026-08-22T16:24:04.825772+00:00,1787415844825796223,H5,O1,3402767,4096,830.753662109375,3615354,taskset -c 0,candidate
p7-p9-v2-6ae9e1f,P7,block-022,155,2026-08-22T16:24:04.830496+00:00,1787415844830519989,C,O2,4632329,4096,1130.939697265625,3615354,taskset -c 0,control
p7-p9-v2-6ae9e1f,P7,block-022,156,2026-08-22T16:24:04.834641+00:00,1787415844834670895,C,O3,4053707,4096,989.674560546875,3615354,taskset -c 0,control
p7-p9-v2-6ae9e1f,P7,block-022,157,2026-08-22T16:24:04.840283+00:00,1787415844840310094,H4,O0,5551670,4096,1355.38818359375,3615354,taskset -c 0,candidate
p7-p9-v2-6ae9e1f,P7,block-022,158,2026-08-22T16:24:04.845420+00:00,1787415844845451438,H4,O1,4957703,4096,1210.376708984375,3615354,taskset -c 0,candidate
p7-p9-v2-6ae9e1f,P7,block-022,159,2026-08-22T16:24:04.852757+00:00,1787415844852783131,H5,O0,7237734,4096,1767.02490234375,3615354,taskset -c 0,candidate
p7-p9-v2-6ae9e1f,P7,block-022,160,2026-08-22T16:24:04.860089+00:00,1787415844860119517,H5,O1,7235737,4096,1766.537353515625,3615354,taskset -c 0,candidate
p7-p9-v2-6ae9e1f,P7,block-022,161,2026-08-22T16:24:04.868074+00:00,1787415844868100273,C,O0,7894588,4096,1927.3896484375,3615354,taskset -c 0,control
p7-p9-v2-6ae9e1f,P7,block-023,162,2026-08-22T16:24:04.875230+00:00,1787415844875254100,C,O3,7061559,4096,1724.013427734375,3615354,taskset -c 0,control
p7-p9-v2-6ae9e1f,P7,block-023,163,2026-08-22T16:24:04.879705+00:00,1787415844879731455,H4,O0,4392336,4096,1072.34765625,3615354,taskset -c 0,candidate
p7-p9-v2-6ae9e1f,P7,block-023,164,2026-08-22T16:24:04.884200+00:00,1787415844884225301,H4,O1,4410777,4096,1076.849853515625,3615354,taskset -c 0,candidate
p7-p9-v2-6ae9e1f,P7,block-023,165,2026-08-22T16:24:04.890417+00:00,1787415844890444679,H5,O0,6122499,4096,1494.750732421875,3615354,taskset -c 0,candidate
p7-p9-v2-6ae9e1f,P7,block-023,166,2026-08-22T16:24:04.894943+00:00,1787415844894973999,H5,O1,4428611,4096,1081.203857421875,3615354,taskset -c 0,candidate
p7-p9-v2-6ae9e1f,P7,block-023,167,2026-08-22T16:24:04.900340+00:00,1787415844900363151,C,O0,5310204,4096,1296.4365234375,3615354,taskset -c 0,control
p7-p9-v2-6ae9e1f,P7,block-023,168,2026-08-22T16:24:04.904636+00:00,1787415844904657919,C,O2,4221239,4096,1030.575927734375,3615354,taskset -c 0,control
p7-p9-v2-6ae9e1f,P7,block-024,169,2026-08-22T16:24:04.908337+00:00,1787415844908366531,H4,O0,3602594,4096,879.53955078125,3615354,taskset -c 0,candidate
p7-p9-v2-6ae9e1f,P7,block-024,170,2026-08-22T16:24:04.911977+00:00,1787415844911999495,H4,O1,3551705,4096,867.115478515625,3615354,taskset -c 0,candidate
p7-p9-v2-6ae9e1f,P7,block-024,171,2026-08-22T16:24:04.916283+00:00,1787415844916309968,H5,O0,4224564,4096,1031.3876953125,3615354,taskset -c 0,candidate
p7-p9-v2-6ae9e1f,P7,block-024,172,2026-08-22T16:24:04.921450+00:00,1787415844921478517,H5,O1,5067771,4096,1237.248779296875,3615354,taskset -c 0,candidate
p7-p9-v2-6ae9e1f,P7,block-024,173,2026-08-22T16:24:04.926524+00:00,1787415844926551698,C,O0,4978802,4096,1215.52783203125,3615354,taskset -c 0,control
p7-p9-v2-6ae9e1f,P7,block-024,174,2026-08-22T16:24:04.930993+00:00,1787415844931020659,C,O2,4360233,4096,1064.510009765625,3615354,taskset -c 0,control
p7-p9-v2-6ae9e1f,P7,block-024,175,2026-08-22T16:24:04.937009+00:00,1787415844937035125,C,O3,5928429,4096,1447.370361328125,3615354,taskset -c 0,control
p7-p9-v2-6ae9e1f,P7,block-025,176,2026-08-22T16:24:04.942264+00:00,1787415844942295159,H4,O1,5058596,4096,1235.0087890625,3615354,taskset -c 0,candidate
p7-p9-v2-6ae9e1f,P7,block-025,177,2026-08-22T16:24:04.947333+00:00,1787415844947360535,H5,O0,4974988,4096,1214.5966796875,3615354,taskset -c 0,candidate
p7-p9-v2-6ae9e1f,P7,block-025,178,2026-08-22T16:24:04.951699+00:00,1787415844951722958,H5,O1,4278704,4096,1044.60546875,3615354,taskset -c 0,candidate
p7-p9-v2-6ae9e1f,P7,block-025,179,2026-08-22T16:24:04.956638+00:00,1787415844956663666,C,O0,4855019,4096,1185.307373046875,3615354,taskset -c 0,control
p7-p9-v2-6ae9e1f,P7,block-025,180,2026-08-22T16:24:04.961993+00:00,1787415844962021073,C,O2,5269248,4096,1286.4375,3615354,taskset -c 0,control
p7-p9-v2-6ae9e1f,P7,block-025,181,2026-08-22T16:24:04.966168+00:00,1787415844966192812,C,O3,4087501,4096,997.925048828125,3615354,taskset -c 0,control
p7-p9-v2-6ae9e1f,P7,block-025,182,2026-08-22T16:24:04.971417+00:00,1787415844971445212,H4,O0,5157042,4096,1259.04345703125,3615354,taskset -c 0,candidate
p7-p9-v2-6ae9e1f,P7,block-026,183,2026-08-22T16:24:04.975741+00:00,1787415844975766987,H5,O0,4222786,4096,1030.95361328125,3615354,taskset -c 0,candidate
p7-p9-v2-6ae9e1f,P7,block-026,184,2026-08-22T16:24:04.979779+00:00,1787415844979805735,H5,O1,3936419,4096,961.039794921875,3615354,taskset -c 0,candidate
p7-p9-v2-6ae9e1f,P7,block-026,185,2026-08-22T16:24:04.983861+00:00,1787415844983886981,C,O0,3995047,4096,975.353271484375,3615354,taskset -c 0,control
p7-p9-v2-6ae9e1f,P7,block-026,186,2026-08-22T16:24:04.992987+00:00,1787415844993012729,C,O2,9042449,4096,2207.629150390625,3615354,taskset -c 0,control
p7-p9-v2-6ae9e1f,P7,block-026,187,2026-08-22T16:24:04.998490+00:00,1787415844998515758,C,O3,5420290,4096,1323.31298828125,3615354,taskset -c 0,control
p7-p9-v2-6ae9e1f,P7,block-026,188,2026-08-22T16:24:05.003262+00:00,1787415845003292319,H4,O0,4558664,4096,1112.955078125,3615354,taskset -c 0,candidate
p7-p9-v2-6ae9e1f,P7,block-026,189,2026-08-22T16:24:05.007283+00:00,1787415845007307596,H4,O1,3935038,4096,960.70263671875,3615354,taskset -c 0,candidate
p7-p9-v2-6ae9e1f,P7,block-027,190,2026-08-22T16:24:05.013650+00:00,1787415845013682047,H5,O1,6268682,4096,1530.43994140625,3615354,taskset -c 0,candidate
p7-p9-v2-6ae9e1f,P7,block-027,191,2026-08-22T16:24:05.018141+00:00,1787415845018167857,C,O0,4390681,4096,1071.943603515625,3615354,taskset -c 0,control
p7-p9-v2-6ae9e1f,P7,block-027,192,2026-08-22T16:24:05.022842+00:00,1787415845022864954,C,O2,4618258,4096,1127.50439453125,3615354,taskset -c 0,control
p7-p9-v2-6ae9e1f,P7,block-027,193,2026-08-22T16:24:05.027124+00:00,1787415845027152417,C,O3,4201325,4096,1025.714111328125,3615354,taskset -c 0,control
p7-p9-v2-6ae9e1f,P7,block-027,194,2026-08-22T16:24:05.031950+00:00,1787415845031974952,H4,O0,4717077,4096,1151.630126953125,3615354,taskset -c 0,candidate
p7-p9-v2-6ae9e1f,P7,block-027,195,2026-08-22T16:24:05.035797+00:00,1787415845035827961,H4,O1,3766322,4096,919.51220703125,3615354,taskset -c 0,candidate
p7-p9-v2-6ae9e1f,P7,block-027,196,2026-08-22T16:24:05.041772+00:00,1787415845041807478,H5,O0,5868009,4096,1432.619384765625,3615354,taskset -c 0,candidate
p7-p9-v2-6ae9e1f,P7,block-028,197,2026-08-22T16:24:05.047355+00:00,1787415845047382252,C,O0,5466375,4096,1334.564208984375,3615354,taskset -c 0,control
p7-p9-v2-6ae9e1f,P7,block-028,198,2026-08-22T16:24:05.051372+00:00,1787415845051398671,C,O2,3925231,4096,958.308349609375,3615354,taskset -c 0,control
p7-p9-v2-6ae9e1f,P7,block-028,199,2026-08-22T16:24:05.055998+00:00,1787415845056028769,C,O3,4536079,4096,1107.441162109375,3615354,taskset -c 0,control
p7-p9-v2-6ae9e1f,P7,block-028,200,2026-08-22T16:24:05.061697+00:00,1787415845061726725,H4,O0,5599698,4096,1367.11376953125,3615354,taskset -c 0,candidate
p7-p9-v2-6ae9e1f,P7,block-028,201,2026-08-22T16:24:05.066717+00:00,1787415845066745227,H4,O1,4927343,4096,1202.964599609375,3615354,taskset -c 0,candidate
p7-p9-v2-6ae9e1f,P7,block-028,202,2026-08-22T16:24:05.072800+00:00,1787415845072831547,H5,O0,4846919,4096,1183.329833984375,3615354,taskset -c 0,candidate
p7-p9-v2-6ae9e1f,P7,block-028,203,2026-08-22T16:24:05.077160+00:00,1787415845077187169,H5,O1,4261933,4096,1040.510986328125,3615354,taskset -c 0,candidate
p7-p9-v2-6ae9e1f,P7,block-029,204,2026-08-22T16:24:05.082757+00:00,1787415845082972839,C,O2,5494064,4096,1341.32421875,3615354,taskset -c 0,control
p7-p9-v2-6ae9e1f,P7,block-029,205,2026-08-22T16:24:05.087310+00:00,1787415845087334741,C,O3,4274123,4096,1043.487060546875,3615354,taskset -c 0,control
p7-p9-v2-6ae9e1f,P7,block-029,206,2026-08-22T16:24:05.091999+00:00,1787415845092022334,H4,O0,4615614,4096,1126.85888671875,3615354,taskset -c 0,candidate
p7-p9-v2-6ae9e1f,P7,block-029,207,2026-08-22T16:24:05.096015+00:00,1787415845096044481,H4,O1,3920978,4096,957.27001953125,3615354,taskset -c 0,candidate
p7-p9-v2-6ae9e1f,P7,block-029,208,2026-08-22T16:24:05.100996+00:00,1787415845101026828,H5,O0,4753540,4096,1160.5322265625,3615354,taskset -c 0,candidate
p7-p9-v2-6ae9e1f,P7,block-029,209,2026-08-22T16:24:05.106045+00:00,1787415845106073785,H5,O1,4960868,4096,1211.1494140625,3615354,taskset -c 0,candidate
p7-p9-v2-6ae9e1f,P7,block-029,210,2026-08-22T16:24:05.110702+00:00,1787415845110730237,C,O0,4553524,4096,1111.7001953125,3615354,taskset -c 0,control
