run_id,block_id,sequence_index,measurement_index,timestamp,timestamp_ns,checkpoint,variant,fixture,raw_elapsed_ns,parses,ns_per_parse,cpu_affinity,control_candidate_role
p1-v2-primary-3716b0b-retry,block-000,1,0,2026-08-22T16:21:26.908857+00:00,1787415686908875635,C,O2,tiny_04_arr,1549346,10000,154.9346,taskset -c 0,control
p1-v2-primary-3716b0b-retry,block-000,2,0,2026-08-22T16:21:27.004435+00:00,1787415687004503917,H4,O1,tiny_04_arr,95512054,10000,9551.2054,taskset -c 0,candidate
p1-v2-primary-3716b0b-retry,block-000,3,0,2026-08-22T16:21:27.101342+00:00,1787415687101361086,H5,O1,tiny_04_arr,96795450,10000,9679.545,taskset -c 0,candidate
p1-v2-primary-3716b0b-retry,block-000,4,1,2026-08-22T16:21:27.195956+00:00,1787415687195977507,H5,O1,tiny_04_arr,94551282,10000,9455.1282,taskset -c 0,candidate
p1-v2-primary-3716b0b-retry,block-000,5,1,2026-08-22T16:21:27.292124+00:00,1787415687292144673,H4,O1,tiny_04_arr,96020878,10000,9602.0878,taskset -c 0,candidate
p1-v2-primary-3716b0b-retry,block-000,6,1,2026-08-22T16:21:27.293616+00:00,1787415687293630600,C,O2,tiny_04_arr,1433658,10000,143.3658,taskset -c 0,control
p1-v2-primary-3716b0b-retry,block-001,7,2,2026-08-22T16:21:27.388099+00:00,1787415687388117633,H4,O1,tiny_04_arr,94424904,10000,9442.4904,taskset -c 0,candidate
p1-v2-primary-3716b0b-retry,block-001,8,2,2026-08-22T16:21:27.482595+00:00,1787415687482613185,H5,O1,tiny_04_arr,94438963,10000,9443.8963,taskset -c 0,candidate
p1-v2-primary-3716b0b-retry,block-001,9,3,2026-08-22T16:21:27.580033+00:00,1787415687580051581,H5,O1,tiny_04_arr,97381417,10000,9738.1417,taskset -c 0,candidate
p1-v2-primary-3716b0b-retry,block-001,10,3,2026-08-22T16:21:27.674214+00:00,1787415687674267928,H4,O1,tiny_04_arr,94121349,10000,9412.1349,taskset -c 0,candidate
p1-v2-primary-3716b0b-retry,block-001,11,2,2026-08-22T16:21:27.675698+00:00,1787415687675711446,C,O2,tiny_04_arr,1392578,10000,139.2578,taskset -c 0,control
p1-v2-primary-3716b0b-retry,block-001,12,3,2026-08-22T16:21:27.676974+00:00,1787415687677013176,C,O2,tiny_04_arr,1231011,10000,123.1011,taskset -c 0,control
p1-v2-primary-3716b0b-retry,block-002,13,4,2026-08-22T16:21:27.771670+00:00,1787415687771687795,H5,O1,tiny_04_arr,94610671,10000,9461.0671,taskset -c 0,candidate
p1-v2-primary-3716b0b-retry,block-002,14,5,2026-08-22T16:21:27.866318+00:00,1787415687866335085,H5,O1,tiny_04_arr,94591320,10000,9459.132,taskset -c 0,candidate
p1-v2-primary-3716b0b-retry,block-002,15,4,2026-08-22T16:21:27.960309+00:00,1787415687960326875,H4,O1,tiny_04_arr,93936211,10000,9393.6211,taskset -c 0,candidate
p1-v2-primary-3716b0b-retry,block-002,16,4,2026-08-22T16:21:27.961781+00:00,1787415687961794522,C,O2,tiny_04_arr,1416408,10000,141.6408,taskset -c 0,control
p1-v2-primary-3716b0b-retry,block-002,17,5,2026-08-22T16:21:27.963106+00:00,1787415687963119582,C,O2,tiny_04_arr,1279910,10000,127.991,taskset -c 0,control
p1-v2-primary-3716b0b-retry,block-002,18,5,2026-08-22T16:21:28.060015+00:00,1787415688060033597,H4,O1,tiny_04_arr,96856725,10000,9685.6725,taskset -c 0,candidate
p1-v2-primary-3716b0b-retry,block-003,19,6,2026-08-22T16:21:28.157408+00:00,1787415688157426904,H5,O1,tiny_04_arr,97329759,10000,9732.9759,taskset -c 0,candidate
p1-v2-primary-3716b0b-retry,block-003,20,6,2026-08-22T16:21:28.253572+00:00,1787415688253591771,H4,O1,tiny_04_arr,96102368,10000,9610.2368,taskset -c 0,candidate
p1-v2-primary-3716b0b-retry,block-003,21,6,2026-08-22T16:21:28.255026+00:00,1787415688255039558,C,O2,tiny_04_arr,1396888,10000,139.6888,taskset -c 0,control
p1-v2-primary-3716b0b-retry,block-003,22,7,2026-08-22T16:21:28.256409+00:00,1787415688256421007,C,O2,tiny_04_arr,1336830,10000,133.683,taskset -c 0,control
p1-v2-primary-3716b0b-retry,block-003,23,7,2026-08-22T16:21:28.354078+00:00,1787415688354098180,H4,O1,tiny_04_arr,97617574,10000,9761.7574,taskset -c 0,candidate
p1-v2-primary-3716b0b-retry,block-003,24,7,2026-08-22T16:21:28.454309+00:00,1787415688454329593,H5,O1,tiny_04_arr,100165794,10000,10016.5794,taskset -c 0,candidate
p1-v2-primary-3716b0b-retry,block-004,25,8,2026-08-22T16:21:28.548798+00:00,1787415688548815036,H4,O1,tiny_04_arr,94341436,10000,9434.1436,taskset -c 0,candidate
p1-v2-primary-3716b0b-retry,block-004,26,8,2026-08-22T16:21:28.550465+00:00,1787415688550478600,C,O2,tiny_04_arr,1612245,10000,161.2245,taskset -c 0,control
p1-v2-primary-3716b0b-retry,block-004,27,9,2026-08-22T16:21:28.551812+00:00,1787415688551824509,C,O2,tiny_04_arr,1300879,10000,130.0879,taskset -c 0,control
p1-v2-primary-3716b0b-retry,block-004,28,9,2026-08-22T16:21:28.647886+00:00,1787415688647903817,H4,O1,tiny_04_arr,96023119,10000,9602.3119,taskset -c 0,candidate
p1-v2-primary-3716b0b-retry,block-004,29,8,2026-08-22T16:21:28.743660+00:00,1787415688743677860,H5,O1,tiny_04_arr,95716554,10000,9571.6554,taskset -c 0,candidate
p1-v2-primary-3716b0b-retry,block-004,30,9,2026-08-22T16:21:28.838162+00:00,1787415688838179812,H5,O1,tiny_04_arr,94445743,10000,9444.5743,taskset -c 0,candidate
p1-v2-primary-3716b0b-retry,block-005,31,10,2026-08-22T16:21:28.839749+00:00,1787415688839763507,C,O2,tiny_04_arr,1525886,10000,152.5886,taskset -c 0,control
p1-v2-primary-3716b0b-retry,block-005,32,11,2026-08-22T16:21:28.841260+00:00,1787415688841274024,C,O2,tiny_04_arr,1463558,10000,146.3558,taskset -c 0,control
p1-v2-primary-3716b0b-retry,block-005,33,10,2026-08-22T16:21:28.937023+00:00,1787415688937041767,H4,O1,tiny_04_arr,95710264,10000,9571.0264,taskset -c 0,candidate
p1-v2-primary-3716b0b-retry,block-005,34,10,2026-08-22T16:21:29.035963+00:00,1787415689035980931,H5,O1,tiny_04_arr,98882424,10000,9888.2424,taskset -c 0,candidate
p1-v2-primary-3716b0b-retry,block-005,35,11,2026-08-22T16:21:29.133041+00:00,1787415689133058713,H5,O1,tiny_04_arr,97022033,10000,9702.2033,taskset -c 0,candidate
p1-v2-primary-3716b0b-retry,block-005,36,11,2026-08-22T16:21:29.227765+00:00,1787415689227782922,H4,O1,tiny_04_arr,94665680,10000,9466.568,taskset -c 0,candidate
p1-v2-primary-3716b0b-retry,block-006,37,12,2026-08-22T16:21:29.229480+00:00,1787415689229495796,C,O2,tiny_04_arr,1648685,10000,164.8685,taskset -c 0,control
p1-v2-primary-3716b0b-retry,block-006,38,12,2026-08-22T16:21:29.331085+00:00,1787415689331104758,H4,O1,tiny_04_arr,101543923,10000,10154.3923,taskset -c 0,candidate
p1-v2-primary-3716b0b-retry,block-006,39,12,2026-08-22T16:21:29.427656+00:00,1787415689427674238,H5,O1,tiny_04_arr,96512911,10000,9651.2911,taskset -c 0,candidate
p1-v2-primary-3716b0b-retry,block-006,40,13,2026-08-22T16:21:29.527803+00:00,1787415689527820223,H5,O1,tiny_04_arr,100086206,10000,10008.6206,taskset -c 0,candidate
p1-v2-primary-3716b0b-retry,block-006,41,13,2026-08-22T16:21:29.627082+00:00,1787415689627101376,H4,O1,tiny_04_arr,99220724,10000,9922.0724,taskset -c 0,candidate
p1-v2-primary-3716b0b-retry,block-006,42,13,2026-08-22T16:21:29.628818+00:00,1787415689628830219,C,O2,tiny_04_arr,1679323,10000,167.9323,taskset -c 0,control
p1-v2-primary-3716b0b-retry,block-007,43,14,2026-08-22T16:21:29.729193+00:00,1787415689729212795,H4,O1,tiny_04_arr,100318617,10000,10031.8617,taskset -c 0,candidate
p1-v2-primary-3716b0b-retry,block-007,44,14,2026-08-22T16:21:29.834335+00:00,1787415689834354462,H5,O1,tiny_04_arr,105037638,10000,10503.7638,taskset -c 0,candidate
p1-v2-primary-3716b0b-retry,block-007,45,15,2026-08-22T16:21:29.929881+00:00,1787415689929899518,H5,O1,tiny_04_arr,95486736,10000,9548.6736,taskset -c 0,candidate
p1-v2-primary-3716b0b-retry,block-007,46,15,2026-08-22T16:21:30.024362+00:00,1787415690024379821,H4,O1,tiny_04_arr,94424113,10000,9442.4113,taskset -c 0,candidate
p1-v2-primary-3716b0b-retry,block-007,47,14,2026-08-22T16:21:30.025825+00:00,1787415690025837378,C,O2,tiny_04_arr,1409008,10000,140.9008,taskset -c 0,control
p1-v2-primary-3716b0b-retry,block-007,48,15,2026-08-22T16:21:30.027147+00:00,1787415690027160377,C,O2,tiny_04_arr,1269340,10000,126.934,taskset -c 0,control
p1-v2-primary-3716b0b-retry,block-008,49,16,2026-08-22T16:21:30.124067+00:00,1787415690124085303,H5,O1,tiny_04_arr,96863056,10000,9686.3056,taskset -c 0,candidate
p1-v2-primary-3716b0b-retry,block-008,50,17,2026-08-22T16:21:30.219909+00:00,1787415690219926785,H5,O1,tiny_04_arr,95785023,10000,9578.5023,taskset -c 0,candidate
p1-v2-primary-3716b0b-retry,block-008,51,16,2026-08-22T16:21:30.314939+00:00,1787415690314956399,H4,O1,tiny_04_arr,94973854,10000,9497.3854,taskset -c 0,candidate
p1-v2-primary-3716b0b-retry,block-008,52,16,2026-08-22T16:21:30.316573+00:00,1787415690316587263,C,O2,tiny_04_arr,1578776,10000,157.8776,taskset -c 0,control
p1-v2-primary-3716b0b-retry,block-008,53,17,2026-08-22T16:21:30.317940+00:00,1787415690317954732,C,O2,tiny_04_arr,1318480,10000,131.848,taskset -c 0,control
p1-v2-primary-3716b0b-retry,block-008,54,17,2026-08-22T16:21:30.411730+00:00,1787415690411748826,H4,O1,tiny_04_arr,93734105,10000,9373.4105,taskset -c 0,candidate
p1-v2-primary-3716b0b-retry,block-009,55,18,2026-08-22T16:21:30.507296+00:00,1787415690507315133,H5,O1,tiny_04_arr,95501237,10000,9550.1237,taskset -c 0,candidate
p1-v2-primary-3716b0b-retry,block-009,56,18,2026-08-22T16:21:30.603989+00:00,1787415690604006628,H4,O1,tiny_04_arr,96634836,10000,9663.4836,taskset -c 0,candidate
p1-v2-primary-3716b0b-retry,block-009,57,18,2026-08-22T16:21:30.605990+00:00,1787415690606008446,C,O2,tiny_04_arr,1937810,10000,193.781,taskset -c 0,control
p1-v2-primary-3716b0b-retry,block-009,58,19,2026-08-22T16:21:30.607826+00:00,1787415690607850448,C,O2,tiny_04_arr,1754623,10000,175.4623,taskset -c 0,control
p1-v2-primary-3716b0b-retry,block-009,59,19,2026-08-22T16:21:30.704120+00:00,1787415690704138216,H4,O1,tiny_04_arr,96223090,10000,9622.309,taskset -c 0,candidate
p1-v2-primary-3716b0b-retry,block-009,60,19,2026-08-22T16:21:30.799567+00:00,1787415690799584634,H5,O1,tiny_04_arr,95389099,10000,9538.9099,taskset -c 0,candidate
p1-v2-primary-3716b0b-retry,block-010,61,20,2026-08-22T16:21:30.898565+00:00,1787415690898583247,H4,O1,tiny_04_arr,98934264,10000,9893.4264,taskset -c 0,candidate
p1-v2-primary-3716b0b-retry,block-010,62,20,2026-08-22T16:21:30.900130+00:00,1787415690900143543,C,O2,tiny_04_arr,1511306,10000,151.1306,taskset -c 0,control
p1-v2-primary-3716b0b-retry,block-010,63,21,2026-08-22T16:21:30.901396+00:00,1787415690901409103,C,O2,tiny_04_arr,1220921,10000,122.0921,taskset -c 0,control
p1-v2-primary-3716b0b-retry,block-010,64,21,2026-08-22T16:21:30.995493+00:00,1787415690995510861,H4,O1,tiny_04_arr,94045559,10000,9404.5559,taskset -c 0,candidate
p1-v2-primary-3716b0b-retry,block-010,65,20,2026-08-22T16:21:31.090036+00:00,1787415691090056262,H5,O1,tiny_04_arr,94482642,10000,9448.2642,taskset -c 0,candidate
p1-v2-primary-3716b0b-retry,block-010,66,21,2026-08-22T16:21:31.189623+00:00,1787415691189641735,H5,O1,tiny_04_arr,99525464,10000,9952.5464,taskset -c 0,candidate
p1-v2-primary-3716b0b-retry,block-011,67,22,2026-08-22T16:21:31.191073+00:00,1787415691191085443,C,O2,tiny_04_arr,1388968,10000,138.8968,taskset -c 0,control
p1-v2-primary-3716b0b-retry,block-011,68,23,2026-08-22T16:21:31.192618+00:00,1787415691192631729,C,O2,tiny_04_arr,1490297,10000,149.0297,taskset -c 0,control
p1-v2-primary-3716b0b-retry,block-011,69,22,2026-08-22T16:21:31.292642+00:00,1787415691292659595,H4,O1,tiny_04_arr,99972077,10000,9997.2077,taskset -c 0,candidate
p1-v2-primary-3716b0b-retry,block-011,70,22,2026-08-22T16:21:31.387098+00:00,1787415691387116998,H5,O1,tiny_04_arr,94399934,10000,9439.9934,taskset -c 0,candidate
p1-v2-primary-3716b0b-retry,block-011,71,23,2026-08-22T16:21:31.487154+00:00,1787415691487173135,H5,O1,tiny_04_arr,99949408,10000,9994.9408,taskset -c 0,candidate
p1-v2-primary-3716b0b-retry,block-011,72,23,2026-08-22T16:21:31.581207+00:00,1787415691581226304,H4,O1,tiny_04_arr,93955590,10000,9395.559,taskset -c 0,candidate
p1-v2-primary-3716b0b-retry,block-012,73,24,2026-08-22T16:21:31.582653+00:00,1787415691582666712,C,O2,tiny_04_arr,1382378,10000,138.2378,taskset -c 0,control
p1-v2-primary-3716b0b-retry,block-012,74,24,2026-08-22T16:21:31.679997+00:00,1787415691680020160,H4,O1,tiny_04_arr,97292859,10000,9729.2859,taskset -c 0,candidate
p1-v2-primary-3716b0b-retry,block-012,75,24,2026-08-22T16:21:31.775674+00:00,1787415691775692054,H5,O1,tiny_04_arr,95590026,10000,9559.0026,taskset -c 0,candidate
p1-v2-primary-3716b0b-retry,block-012,76,25,2026-08-22T16:21:31.872634+00:00,1787415691872652879,H5,O1,tiny_04_arr,96903875,10000,9690.3875,taskset -c 0,candidate
p1-v2-primary-3716b0b-retry,block-012,77,25,2026-08-22T16:21:31.970852+00:00,1787415691970870863,H4,O1,tiny_04_arr,98160006,10000,9816.0006,taskset -c 0,candidate
p1-v2-primary-3716b0b-retry,block-012,78,25,2026-08-22T16:21:31.972384+00:00,1787415691972398649,C,O2,tiny_04_arr,1469087,10000,146.9087,taskset -c 0,control
p1-v2-primary-3716b0b-retry,block-013,79,26,2026-08-22T16:21:32.066081+00:00,1787415692066098915,H4,O1,tiny_04_arr,93639536,10000,9363.9536,taskset -c 0,candidate
p1-v2-primary-3716b0b-retry,block-013,80,26,2026-08-22T16:21:32.160477+00:00,1787415692160500659,H5,O1,tiny_04_arr,94339476,10000,9433.9476,taskset -c 0,candidate
p1-v2-primary-3716b0b-retry,block-013,81,27,2026-08-22T16:21:32.257562+00:00,1787415692257580162,H5,O1,tiny_04_arr,97021214,10000,9702.1214,taskset -c 0,candidate
p1-v2-primary-3716b0b-retry,block-013,82,27,2026-08-22T16:21:32.354265+00:00,1787415692354281830,H4,O1,tiny_04_arr,96646189,10000,9664.6189,taskset -c 0,candidate
p1-v2-primary-3716b0b-retry,block-013,83,26,2026-08-22T16:21:32.355749+00:00,1787415692355763887,C,O2,tiny_04_arr,1431668,10000,143.1668,taskset -c 0,control
p1-v2-primary-3716b0b-retry,block-013,84,27,2026-08-22T16:21:32.357065+00:00,1787415692357078067,C,O2,tiny_04_arr,1265770,10000,126.577,taskset -c 0,control
p1-v2-primary-3716b0b-retry,block-014,85,28,2026-08-22T16:21:32.459643+00:00,1787415692459661004,H5,O1,tiny_04_arr,102520738,10000,10252.0738,taskset -c 0,candidate
p1-v2-primary-3716b0b-retry,block-014,86,29,2026-08-22T16:21:32.556607+00:00,1787415692556626195,H5,O1,tiny_04_arr,96904672,10000,9690.4672,taskset -c 0,candidate
p1-v2-primary-3716b0b-retry,block-014,87,28,2026-08-22T16:21:32.652571+00:00,1787415692652588459,H4,O1,tiny_04_arr,95905984,10000,9590.5984,taskset -c 0,candidate
p1-v2-primary-3716b0b-retry,block-014,88,28,2026-08-22T16:21:32.654161+00:00,1787415692654176604,C,O2,tiny_04_arr,1526736,10000,152.6736,taskset -c 0,control
p1-v2-primary-3716b0b-retry,block-014,89,29,2026-08-22T16:21:32.655615+00:00,1787415692655629702,C,O2,tiny_04_arr,1403278,10000,140.3278,taskset -c 0,control
p1-v2-primary-3716b0b-retry,block-014,90,29,2026-08-22T16:21:32.750901+00:00,1787415692750919112,H4,O1,tiny_04_arr,95232671,10000,9523.2671,taskset -c 0,candidate
p1-v2-primary-3716b0b-retry,block-000,91,0,2026-08-22T16:21:34.197277+00:00,1787415694197291262,C,O2,tiny_03_pair,1367649,10000,136.7649,taskset -c 0,control
p1-v2-primary-3716b0b-retry,block-000,92,0,2026-08-22T16:21:34.267426+00:00,1787415694267444963,H4,O1,tiny_03_pair,70096562,10000,7009.6562,taskset -c 0,candidate
p1-v2-primary-3716b0b-retry,block-000,93,0,2026-08-22T16:21:34.340552+00:00,1787415694340570637,H5,O1,tiny_03_pair,73066795,10000,7306.6795,taskset -c 0,candidate
p1-v2-primary-3716b0b-retry,block-000,94,1,2026-08-22T16:21:34.414344+00:00,1787415694414361562,H5,O1,tiny_03_pair,73734455,10000,7373.4455,taskset -c 0,candidate
p1-v2-primary-3716b0b-retry,block-000,95,1,2026-08-22T16:21:34.486453+00:00,1787415694486478928,H4,O1,tiny_03_pair,71938619,10000,7193.8619,taskset -c 0,candidate
p1-v2-primary-3716b0b-retry,block-000,96,1,2026-08-22T16:21:34.488575+00:00,1787415694488596766,C,O2,tiny_03_pair,2042799,10000,204.2799,taskset -c 0,control
p1-v2-primary-3716b0b-retry,block-001,97,2,2026-08-22T16:21:34.559535+00:00,1787415694559553433,H4,O1,tiny_03_pair,70888089,10000,7088.8089,taskset -c 0,candidate
p1-v2-primary-3716b0b-retry,block-001,98,2,2026-08-22T16:21:34.632798+00:00,1787415694632816840,H5,O1,tiny_03_pair,73198227,10000,7319.8227,taskset -c 0,candidate
p1-v2-primary-3716b0b-retry,block-001,99,3,2026-08-22T16:21:34.702849+00:00,1787415694702869012,H5,O1,tiny_03_pair,69973204,10000,6997.3204,taskset -c 0,candidate
p1-v2-primary-3716b0b-retry,block-001,100,3,2026-08-22T16:21:34.773063+00:00,1787415694773083642,H4,O1,tiny_03_pair,70149391,10000,7014.9391,taskset -c 0,candidate
p1-v2-primary-3716b0b-retry,block-001,101,2,2026-08-22T16:21:34.774669+00:00,1787415694774682157,C,O2,tiny_03_pair,1547927,10000,154.7927,taskset -c 0,control
p1-v2-primary-3716b0b-retry,block-001,102,3,2026-08-22T16:21:34.775955+00:00,1787415694775968537,C,O2,tiny_03_pair,1240331,10000,124.0331,taskset -c 0,control
p1-v2-primary-3716b0b-retry,block-002,103,4,2026-08-22T16:21:34.846726+00:00,1787415694846746848,H5,O1,tiny_03_pair,70714432,10000,7071.4432,taskset -c 0,candidate
p1-v2-primary-3716b0b-retry,block-002,104,5,2026-08-22T16:21:34.916709+00:00,1787415694916726491,H5,O1,tiny_03_pair,69921724,10000,6992.1724,taskset -c 0,candidate
p1-v2-primary-3716b0b-retry,block-002,105,4,2026-08-22T16:21:34.989187+00:00,1787415694989206726,H4,O1,tiny_03_pair,72422305,10000,7242.2305,taskset -c 0,candidate
p1-v2-primary-3716b0b-retry,block-002,106,4,2026-08-22T16:21:34.990735+00:00,1787415694990748892,C,O2,tiny_03_pair,1490766,10000,149.0766,taskset -c 0,control
p1-v2-primary-3716b0b-retry,block-002,107,5,2026-08-22T16:21:34.991999+00:00,1787415694992013062,C,O2,tiny_03_pair,1217211,10000,121.7211,taskset -c 0,control
p1-v2-primary-3716b0b-retry,block-002,108,5,2026-08-22T16:21:35.061838+00:00,1787415695061855988,H4,O1,tiny_03_pair,69695898,10000,6969.5898,taskset -c 0,candidate
p1-v2-primary-3716b0b-retry,block-003,109,6,2026-08-22T16:21:35.139425+00:00,1787415695139443319,H5,O1,tiny_03_pair,77524692,10000,7752.4692,taskset -c 0,candidate
p1-v2-primary-3716b0b-retry,block-003,110,6,2026-08-22T16:21:35.209794+00:00,1787415695209812310,H4,O1,tiny_03_pair,70309392,10000,7030.9392,taskset -c 0,candidate
p1-v2-primary-3716b0b-retry,block-003,111,6,2026-08-22T16:21:35.211161+00:00,1787415695211175589,C,O2,tiny_03_pair,1313910,10000,131.391,taskset -c 0,control
p1-v2-primary-3716b0b-retry,block-003,112,7,2026-08-22T16:21:35.212465+00:00,1787415695212482639,C,O2,tiny_03_pair,1249430,10000,124.943,taskset -c 0,control
p1-v2-primary-3716b0b-retry,block-003,113,7,2026-08-22T16:21:35.286383+00:00,1787415695286402811,H4,O1,tiny_03_pair,73800504,10000,7380.0504,taskset -c 0,candidate
p1-v2-primary-3716b0b-retry,block-003,114,7,2026-08-22T16:21:35.360277+00:00,1787415695360295073,H5,O1,tiny_03_pair,73833593,10000,7383.3593,taskset -c 0,candidate
p1-v2-primary-3716b0b-retry,block-004,115,8,2026-08-22T16:21:35.431257+00:00,1787415695431275851,H4,O1,tiny_03_pair,70919269,10000,7091.9269,taskset -c 0,candidate
p1-v2-primary-3716b0b-retry,block-004,116,8,2026-08-22T16:21:35.432737+00:00,1787415695432751069,C,O2,tiny_03_pair,1424928,10000,142.4928,taskset -c 0,control
p1-v2-primary-3716b0b-retry,block-004,117,9,2026-08-22T16:21:35.433971+00:00,1787415695433984359,C,O2,tiny_03_pair,1187172,10000,118.7172,taskset -c 0,control
p1-v2-primary-3716b0b-retry,block-004,118,9,2026-08-22T16:21:35.505071+00:00,1787415695505090045,H4,O1,tiny_03_pair,71044157,10000,7104.4157,taskset -c 0,candidate
p1-v2-primary-3716b0b-retry,block-004,119,8,2026-08-22T16:21:35.575841+00:00,1787415695575862287,H5,O1,tiny_03_pair,70712502,10000,7071.2502,taskset -c 0,candidate
p1-v2-primary-3716b0b-retry,block-004,120,9,2026-08-22T16:21:35.645784+00:00,1787415695645802070,H5,O1,tiny_03_pair,69884555,10000,6988.4555,taskset -c 0,candidate
p1-v2-primary-3716b0b-retry,block-005,121,10,2026-08-22T16:21:35.647250+00:00,1787415695647265637,C,O2,tiny_03_pair,1400548,10000,140.0548,taskset -c 0,control
p1-v2-primary-3716b0b-retry,block-005,122,11,2026-08-22T16:21:35.648503+00:00,1787415695648514478,C,O2,tiny_03_pair,1204151,10000,120.4151,taskset -c 0,control
p1-v2-primary-3716b0b-retry,block-005,123,10,2026-08-22T16:21:35.719888+00:00,1787415695719907725,H4,O1,tiny_03_pair,71306648,10000,7130.6648,taskset -c 0,candidate
p1-v2-primary-3716b0b-retry,block-005,124,10,2026-08-22T16:21:35.793531+00:00,1787415695793548300,H5,O1,tiny_03_pair,73582266,10000,7358.2266,taskset -c 0,candidate
p1-v2-primary-3716b0b-retry,block-005,125,11,2026-08-22T16:21:35.867178+00:00,1787415695867197361,H5,O1,tiny_03_pair,73590992,10000,7359.0992,taskset -c 0,candidate
p1-v2-primary-3716b0b-retry,block-005,126,11,2026-08-22T16:21:35.936687+00:00,1787415695936703851,H4,O1,tiny_03_pair,69451501,10000,6945.1501,taskset -c 0,candidate
p1-v2-primary-3716b0b-retry,block-006,127,12,2026-08-22T16:21:35.938150+00:00,1787415695938164668,C,O2,tiny_03_pair,1405908,10000,140.5908,taskset -c 0,control
p1-v2-primary-3716b0b-retry,block-006,128,12,2026-08-22T16:21:36.009495+00:00,1787415696009511676,H4,O1,tiny_03_pair,71285049,10000,7128.5049,taskset -c 0,candidate
p1-v2-primary-3716b0b-retry,block-006,129,12,2026-08-22T16:21:36.080598+00:00,1787415696080615096,H5,O1,tiny_03_pair,71047771,10000,7104.7771,taskset -c 0,candidate
p1-v2-primary-3716b0b-retry,block-006,130,13,2026-08-22T16:21:36.151535+00:00,1787415696151553614,H5,O1,tiny_03_pair,70882249,10000,7088.2249,taskset -c 0,candidate
p1-v2-primary-3716b0b-retry,block-006,131,13,2026-08-22T16:21:36.225854+00:00,1787415696225871461,H4,O1,tiny_03_pair,74262087,10000,7426.2087,taskset -c 0,candidate
p1-v2-primary-3716b0b-retry,block-006,132,13,2026-08-22T16:21:36.227173+00:00,1787415696227185310,C,O2,tiny_03_pair,1243080,10000,124.308,taskset -c 0,control
p1-v2-primary-3716b0b-retry,block-007,133,14,2026-08-22T16:21:36.297020+00:00,1787415696297037075,H4,O1,tiny_03_pair,69792536,10000,6979.2536,taskset -c 0,candidate
p1-v2-primary-3716b0b-retry,block-007,134,14,2026-08-22T16:21:36.367504+00:00,1787415696367523961,H5,O1,tiny_03_pair,70426687,10000,7042.6687,taskset -c 0,candidate
p1-v2-primary-3716b0b-retry,block-007,135,15,2026-08-22T16:21:36.438909+00:00,1787415696438927252,H5,O1,tiny_03_pair,71346462,10000,7134.6462,taskset -c 0,candidate
p1-v2-primary-3716b0b-retry,block-007,136,15,2026-08-22T16:21:36.511685+00:00,1787415696511703593,H4,O1,tiny_03_pair,72718782,10000,7271.8782,taskset -c 0,candidate
p1-v2-primary-3716b0b-retry,block-007,137,14,2026-08-22T16:21:36.513290+00:00,1787415696513303388,C,O2,tiny_03_pair,1551196,10000,155.1196,taskset -c 0,control
p1-v2-primary-3716b0b-retry,block-007,138,15,2026-08-22T16:21:36.514545+00:00,1787415696514558938,C,O2,tiny_03_pair,1169241,10000,116.9241,taskset -c 0,control
p1-v2-primary-3716b0b-retry,block-008,139,16,2026-08-22T16:21:36.584182+00:00,1787415696584199727,H5,O1,tiny_03_pair,69578940,10000,6957.894,taskset -c 0,candidate
p1-v2-primary-3716b0b-retry,block-008,140,17,2026-08-22T16:21:36.656067+00:00,1787415696656085181,H5,O1,tiny_03_pair,71830055,10000,7183.0055,taskset -c 0,candidate
p1-v2-primary-3716b0b-retry,block-008,141,16,2026-08-22T16:21:36.725819+00:00,1787415696725837167,H4,O1,tiny_03_pair,69693457,10000,6969.3457,taskset -c 0,candidate
p1-v2-primary-3716b0b-retry,block-008,142,16,2026-08-22T16:21:36.727270+00:00,1787415696727283775,C,O2,tiny_03_pair,1375399,10000,137.5399,taskset -c 0,control
p1-v2-primary-3716b0b-retry,block-008,143,17,2026-08-22T16:21:36.728712+00:00,1787415696728725873,C,O2,tiny_03_pair,1392558,10000,139.2558,taskset -c 0,control
p1-v2-primary-3716b0b-retry,block-008,144,17,2026-08-22T16:21:36.800105+00:00,1787415696800126164,H4,O1,tiny_03_pair,71340612,10000,7134.0612,taskset -c 0,candidate
p1-v2-primary-3716b0b-retry,block-009,145,18,2026-08-22T16:21:36.871255+00:00,1787415696871272639,H5,O1,tiny_03_pair,71046207,10000,7104.6207,taskset -c 0,candidate
p1-v2-primary-3716b0b-retry,block-009,146,18,2026-08-22T16:21:36.942539+00:00,1787415696942555939,H4,O1,tiny_03_pair,71225850,10000,7122.585,taskset -c 0,candidate
p1-v2-primary-3716b0b-retry,block-009,147,18,2026-08-22T16:21:36.943985+00:00,1787415696944001386,C,O2,tiny_03_pair,1388749,10000,138.8749,taskset -c 0,control
p1-v2-primary-3716b0b-retry,block-009,148,19,2026-08-22T16:21:36.945840+00:00,1787415696945863551,C,O2,tiny_03_pair,1784486,10000,178.4486,taskset -c 0,control
p1-v2-primary-3716b0b-retry,block-009,149,19,2026-08-22T16:21:37.016828+00:00,1787415697016845508,H4,O1,tiny_03_pair,70920689,10000,7092.0689,taskset -c 0,candidate
p1-v2-primary-3716b0b-retry,block-009,150,19,2026-08-22T16:21:37.086602+00:00,1787415697086619935,H5,O1,tiny_03_pair,69713618,10000,6971.3618,taskset -c 0,candidate
p1-v2-primary-3716b0b-retry,block-010,151,20,2026-08-22T16:21:37.156448+00:00,1787415697156465911,H4,O1,tiny_03_pair,69781987,10000,6978.1987,taskset -c 0,candidate
p1-v2-primary-3716b0b-retry,block-010,152,20,2026-08-22T16:21:37.157870+00:00,1787415697157884589,C,O2,tiny_03_pair,1367199,10000,136.7199,taskset -c 0,control
p1-v2-primary-3716b0b-retry,block-010,153,21,2026-08-22T16:21:37.159064+00:00,1787415697159076221,C,O2,tiny_03_pair,1146822,10000,114.6822,taskset -c 0,control
p1-v2-primary-3716b0b-retry,block-010,154,21,2026-08-22T16:21:37.228684+00:00,1787415697228701309,H4,O1,tiny_03_pair,69570169,10000,6957.0169,taskset -c 0,candidate
p1-v2-primary-3716b0b-retry,block-010,155,20,2026-08-22T16:21:37.298372+00:00,1787415697298391087,H5,O1,tiny_03_pair,69596310,10000,6959.631,taskset -c 0,candidate
p1-v2-primary-3716b0b-retry,block-010,156,21,2026-08-22T16:21:37.369651+00:00,1787415697369669380,H5,O1,tiny_03_pair,71221283,10000,7122.1283,taskset -c 0,candidate
p1-v2-primary-3716b0b-retry,block-011,157,22,2026-08-22T16:21:37.371219+00:00,1787415697371234775,C,O2,tiny_03_pair,1503007,10000,150.3007,taskset -c 0,control
p1-v2-primary-3716b0b-retry,block-011,158,23,2026-08-22T16:21:37.372647+00:00,1787415697372663113,C,O2,tiny_03_pair,1369589,10000,136.9589,taskset -c 0,control
p1-v2-primary-3716b0b-retry,block-011,159,22,2026-08-22T16:21:37.444486+00:00,1787415697444510657,H4,O1,tiny_03_pair,71785255,10000,7178.5255,taskset -c 0,candidate
p1-v2-primary-3716b0b-retry,block-011,160,22,2026-08-22T16:21:37.515693+00:00,1787415697515715262,H5,O1,tiny_03_pair,71127676,10000,7112.7676,taskset -c 0,candidate
p1-v2-primary-3716b0b-retry,block-011,161,23,2026-08-22T16:21:37.586492+00:00,1787415697586511482,H5,O1,tiny_03_pair,70735782,10000,7073.5782,taskset -c 0,candidate
p1-v2-primary-3716b0b-retry,block-011,162,23,2026-08-22T16:21:37.656523+00:00,1787415697656540895,H4,O1,tiny_03_pair,69972273,10000,6997.2273,taskset -c 0,candidate
p1-v2-primary-3716b0b-retry,block-012,163,24,2026-08-22T16:21:37.657913+00:00,1787415697657925563,C,O2,tiny_03_pair,1330590,10000,133.059,taskset -c 0,control
p1-v2-primary-3716b0b-retry,block-012,164,24,2026-08-22T16:21:37.727623+00:00,1787415697727641631,H4,O1,tiny_03_pair,69660558,10000,6966.0558,taskset -c 0,candidate
p1-v2-primary-3716b0b-retry,block-012,165,24,2026-08-22T16:21:37.797391+00:00,1787415697797408497,H5,O1,tiny_03_pair,69709478,10000,6970.9478,taskset -c 0,candidate
p1-v2-primary-3716b0b-retry,block-012,166,25,2026-08-22T16:21:37.868643+00:00,1787415697868659881,H5,O1,tiny_03_pair,71195945,10000,7119.5945,taskset -c 0,candidate
p1-v2-primary-3716b0b-retry,block-012,167,25,2026-08-22T16:21:37.938458+00:00,1787415697938475766,H4,O1,tiny_03_pair,69758916,10000,6975.8916,taskset -c 0,candidate
p1-v2-primary-3716b0b-retry,block-012,168,25,2026-08-22T16:21:37.939800+00:00,1787415697939812876,C,O2,tiny_03_pair,1281271,10000,128.1271,taskset -c 0,control
p1-v2-primary-3716b0b-retry,block-013,169,26,2026-08-22T16:21:38.012064+00:00,1787415698012081383,H4,O1,tiny_03_pair,72203308,10000,7220.3308,taskset -c 0,candidate
p1-v2-primary-3716b0b-retry,block-013,170,26,2026-08-22T16:21:38.083292+00:00,1787415698083310767,H5,O1,tiny_03_pair,71171475,10000,7117.1475,taskset -c 0,candidate
p1-v2-primary-3716b0b-retry,block-013,171,27,2026-08-22T16:21:38.154963+00:00,1787415698154983050,H5,O1,tiny_03_pair,71611154,10000,7161.1154,taskset -c 0,candidate
p1-v2-primary-3716b0b-retry,block-013,172,27,2026-08-22T16:21:38.228299+00:00,1787415698228319291,H4,O1,tiny_03_pair,73272472,10000,7327.2472,taskset -c 0,candidate
p1-v2-primary-3716b0b-retry,block-013,173,26,2026-08-22T16:21:38.230222+00:00,1787415698230239581,C,O2,tiny_03_pair,1859381,10000,185.9381,taskset -c 0,control
p1-v2-primary-3716b0b-retry,block-013,174,27,2026-08-22T16:21:38.232003+00:00,1787415698232020604,C,O2,tiny_03_pair,1719574,10000,171.9574,taskset -c 0,control
p1-v2-primary-3716b0b-retry,block-014,175,28,2026-08-22T16:21:38.308767+00:00,1787415698308786582,H5,O1,tiny_03_pair,76665690,10000,7666.569,taskset -c 0,candidate
p1-v2-primary-3716b0b-retry,block-014,176,29,2026-08-22T16:21:38.384795+00:00,1787415698384816782,H5,O1,tiny_03_pair,75963251,10000,7596.3251,taskset -c 0,candidate
p1-v2-primary-3716b0b-retry,block-014,177,28,2026-08-22T16:21:38.457824+00:00,1787415698457843033,H4,O1,tiny_03_pair,72963712,10000,7296.3712,taskset -c 0,candidate
p1-v2-primary-3716b0b-retry,block-014,178,28,2026-08-22T16:21:38.459184+00:00,1787415698459196812,C,O2,tiny_03_pair,1298000,10000,129.8,taskset -c 0,control
p1-v2-primary-3716b0b-retry,block-014,179,29,2026-08-22T16:21:38.460485+00:00,1787415698460497182,C,O2,tiny_03_pair,1253051,10000,125.3051,taskset -c 0,control
p1-v2-primary-3716b0b-retry,block-014,180,29,2026-08-22T16:21:38.532781+00:00,1787415698532817629,H4,O1,tiny_03_pair,72246928,10000,7224.6928,taskset -c 0,candidate
p1-v2-primary-3716b0b-retry,block-000,181,0,2026-08-22T16:21:39.389891+00:00,1787415699389905671,C,O2,tiny_02_empty_arr,1152252,10000,115.2252,taskset -c 0,control
p1-v2-primary-3716b0b-retry,block-000,182,0,2026-08-22T16:21:39.433568+00:00,1787415699433594692,H4,O1,tiny_02_empty_arr,43554114,10000,4355.4114,taskset -c 0,candidate
p1-v2-primary-3716b0b-retry,block-000,183,0,2026-08-22T16:21:39.481177+00:00,1787415699481195459,H5,O1,tiny_02_empty_arr,47533658,10000,4753.3658,taskset -c 0,candidate
p1-v2-primary-3716b0b-retry,block-000,184,1,2026-08-22T16:21:39.522602+00:00,1787415699522619596,H5,O1,tiny_02_empty_arr,41365638,10000,4136.5638,taskset -c 0,candidate
p1-v2-primary-3716b0b-retry,block-000,185,1,2026-08-22T16:21:39.564214+00:00,1787415699564232821,H4,O1,tiny_02_empty_arr,41554785,10000,4155.4785,taskset -c 0,candidate
p1-v2-primary-3716b0b-retry,block-000,186,1,2026-08-22T16:21:39.565478+00:00,1787415699565491781,C,O2,tiny_02_empty_arr,1207362,10000,120.7362,taskset -c 0,control
p1-v2-primary-3716b0b-retry,block-001,187,2,2026-08-22T16:21:39.608154+00:00,1787415699608173812,H4,O1,tiny_02_empty_arr,42619461,10000,4261.9461,taskset -c 0,candidate
p1-v2-primary-3716b0b-retry,block-001,188,2,2026-08-22T16:21:39.649431+00:00,1787415699649449030,H5,O1,tiny_02_empty_arr,41211590,10000,4121.159,taskset -c 0,candidate
p1-v2-primary-3716b0b-retry,block-001,189,3,2026-08-22T16:21:39.691224+00:00,1787415699691282091,H5,O1,tiny_02_empty_arr,41734092,10000,4173.4092,taskset -c 0,candidate
p1-v2-primary-3716b0b-retry,block-001,190,3,2026-08-22T16:21:39.735197+00:00,1787415699735216599,H4,O1,tiny_02_empty_arr,43873188,10000,4387.3188,taskset -c 0,candidate
p1-v2-primary-3716b0b-retry,block-001,191,2,2026-08-22T16:21:39.736759+00:00,1787415699736773855,C,O2,tiny_02_empty_arr,1505547,10000,150.5547,taskset -c 0,control
p1-v2-primary-3716b0b-retry,block-001,192,3,2026-08-22T16:21:39.737885+00:00,1787415699737897448,C,O2,tiny_02_empty_arr,1077373,10000,107.7373,taskset -c 0,control
p1-v2-primary-3716b0b-retry,block-002,193,4,2026-08-22T16:21:39.780006+00:00,1787415699780024533,H5,O1,tiny_02_empty_arr,42065136,10000,4206.5136,taskset -c 0,candidate
p1-v2-primary-3716b0b-retry,block-002,194,5,2026-08-22T16:21:39.821144+00:00,1787415699821161904,H5,O1,tiny_02_empty_arr,41079522,10000,4107.9522,taskset -c 0,candidate
p1-v2-primary-3716b0b-retry,block-002,195,4,2026-08-22T16:21:39.861965+00:00,1787415699862040639,H4,O1,tiny_02_empty_arr,40720017,10000,4072.0017,taskset -c 0,candidate
p1-v2-primary-3716b0b-retry,block-002,196,4,2026-08-22T16:21:39.863234+00:00,1787415699863246391,C,O2,tiny_02_empty_arr,1157322,10000,115.7322,taskset -c 0,control
p1-v2-primary-3716b0b-retry,block-002,197,5,2026-08-22T16:21:39.864463+00:00,1787415699864476611,C,O2,tiny_02_empty_arr,1183192,10000,118.3192,taskset -c 0,control
p1-v2-primary-3716b0b-retry,block-002,198,5,2026-08-22T16:21:39.905386+00:00,1787415699905404445,H4,O1,tiny_02_empty_arr,40861345,10000,4086.1345,taskset -c 0,candidate
p1-v2-primary-3716b0b-retry,block-003,199,6,2026-08-22T16:21:39.946427+00:00,1787415699946444178,H5,O1,tiny_02_empty_arr,40978854,10000,4097.8854,taskset -c 0,candidate
p1-v2-primary-3716b0b-retry,block-003,200,6,2026-08-22T16:21:39.987519+00:00,1787415699987536830,H4,O1,tiny_02_empty_arr,41034763,10000,4103.4763,taskset -c 0,candidate
p1-v2-primary-3716b0b-retry,block-003,201,6,2026-08-22T16:21:39.988714+00:00,1787415699988726212,C,O2,tiny_02_empty_arr,1144402,10000,114.4402,taskset -c 0,control
p1-v2-primary-3716b0b-retry,block-003,202,7,2026-08-22T16:21:39.989788+00:00,1787415699989800475,C,O2,tiny_02_empty_arr,1028715,10000,102.8715,taskset -c 0,control
p1-v2-primary-3716b0b-retry,block-003,203,7,2026-08-22T16:21:40.034190+00:00,1787415700034207496,H4,O1,tiny_02_empty_arr,44352861,10000,4435.2861,taskset -c 0,candidate
p1-v2-primary-3716b0b-retry,block-003,204,7,2026-08-22T16:21:40.076572+00:00,1787415700076590417,H5,O1,tiny_02_empty_arr,42323502,10000,4232.3502,taskset -c 0,candidate
p1-v2-primary-3716b0b-retry,block-004,205,8,2026-08-22T16:21:40.117911+00:00,1787415700117928795,H4,O1,tiny_02_empty_arr,41274689,10000,4127.4689,taskset -c 0,candidate
p1-v2-primary-3716b0b-retry,block-004,206,8,2026-08-22T16:21:40.119221+00:00,1787415700119235045,C,O2,tiny_02_empty_arr,1256801,10000,125.6801,taskset -c 0,control
p1-v2-primary-3716b0b-retry,block-004,207,9,2026-08-22T16:21:40.120456+00:00,1787415700120469026,C,O2,tiny_02_empty_arr,1188271,10000,118.8271,taskset -c 0,control
p1-v2-primary-3716b0b-retry,block-004,208,9,2026-08-22T16:21:40.161458+00:00,1787415700161475389,H4,O1,tiny_02_empty_arr,40946563,10000,4094.6563,taskset -c 0,candidate
p1-v2-primary-3716b0b-retry,block-004,209,8,2026-08-22T16:21:40.202217+00:00,1787415700202236005,H5,O1,tiny_02_empty_arr,40653418,10000,4065.3418,taskset -c 0,candidate
p1-v2-primary-3716b0b-retry,block-004,210,9,2026-08-22T16:21:40.242891+00:00,1787415700242908594,H5,O1,tiny_02_empty_arr,40617200,10000,4061.72,taskset -c 0,candidate
p1-v2-primary-3716b0b-retry,block-005,211,10,2026-08-22T16:21:40.244115+00:00,1787415700244127865,C,O2,tiny_02_empty_arr,1166792,10000,116.6792,taskset -c 0,control
p1-v2-primary-3716b0b-retry,block-005,212,11,2026-08-22T16:21:40.245179+00:00,1787415700245191008,C,O2,tiny_02_empty_arr,1019774,10000,101.9774,taskset -c 0,control
p1-v2-primary-3716b0b-retry,block-005,213,10,2026-08-22T16:21:40.286283+00:00,1787415700286301000,H4,O1,tiny_02_empty_arr,41054313,10000,4105.4313,taskset -c 0,candidate
p1-v2-primary-3716b0b-retry,block-005,214,10,2026-08-22T16:21:40.327186+00:00,1787415700327204045,H5,O1,tiny_02_empty_arr,40846566,10000,4084.6566,taskset -c 0,candidate
p1-v2-primary-3716b0b-retry,block-005,215,11,2026-08-22T16:21:40.368293+00:00,1787415700368310468,H5,O1,tiny_02_empty_arr,41049243,10000,4104.9243,taskset -c 0,candidate
p1-v2-primary-3716b0b-retry,block-005,216,11,2026-08-22T16:21:40.409770+00:00,1787415700409787873,H4,O1,tiny_02_empty_arr,41420346,10000,4142.0346,taskset -c 0,candidate
p1-v2-primary-3716b0b-retry,block-006,217,12,2026-08-22T16:21:40.411012+00:00,1787415700411025133,C,O2,tiny_02_empty_arr,1182461,10000,118.2461,taskset -c 0,control
p1-v2-primary-3716b0b-retry,block-006,218,12,2026-08-22T16:21:40.453383+00:00,1787415700453402491,H4,O1,tiny_02_empty_arr,42314529,10000,4231.4529,taskset -c 0,candidate
p1-v2-primary-3716b0b-retry,block-006,219,12,2026-08-22T16:21:40.495156+00:00,1787415700495174382,H5,O1,tiny_02_empty_arr,41714012,10000,4171.4012,taskset -c 0,candidate
p1-v2-primary-3716b0b-retry,block-006,220,13,2026-08-22T16:21:40.538151+00:00,1787415700538171569,H5,O1,tiny_02_empty_arr,42933098,10000,4293.3098,taskset -c 0,candidate
p1-v2-primary-3716b0b-retry,block-006,221,13,2026-08-22T16:21:40.580514+00:00,1787415700580531160,H4,O1,tiny_02_empty_arr,42301902,10000,4230.1902,taskset -c 0,candidate
p1-v2-primary-3716b0b-retry,block-006,222,13,2026-08-22T16:21:40.581737+00:00,1787415700581749951,C,O2,tiny_02_empty_arr,1167042,10000,116.7042,taskset -c 0,control
p1-v2-primary-3716b0b-retry,block-007,223,14,2026-08-22T16:21:40.622738+00:00,1787415700622755985,H4,O1,tiny_02_empty_arr,40944975,10000,4094.4975,taskset -c 0,candidate
p1-v2-primary-3716b0b-retry,block-007,224,14,2026-08-22T16:21:40.664337+00:00,1787415700664355089,H5,O1,tiny_02_empty_arr,41544415,10000,4154.4415,taskset -c 0,candidate
p1-v2-primary-3716b0b-retry,block-007,225,15,2026-08-22T16:21:40.706550+00:00,1787415700706568264,H5,O1,tiny_02_empty_arr,42156485,10000,4215.6485,taskset -c 0,candidate
p1-v2-primary-3716b0b-retry,block-007,226,15,2026-08-22T16:21:40.747848+00:00,1787415700747865692,H4,O1,tiny_02_empty_arr,41238599,10000,4123.8599,taskset -c 0,candidate
p1-v2-primary-3716b0b-retry,block-007,227,14,2026-08-22T16:21:40.749075+00:00,1787415700749089473,C,O2,tiny_02_empty_arr,1147992,10000,114.7992,taskset -c 0,control
p1-v2-primary-3716b0b-retry,block-007,228,15,2026-08-22T16:21:40.750182+00:00,1787415700750194256,C,O2,tiny_02_empty_arr,1055684,10000,105.5684,taskset -c 0,control
p1-v2-primary-3716b0b-retry,block-008,229,16,2026-08-22T16:21:40.791521+00:00,1787415700791538014,H5,O1,tiny_02_empty_arr,41283859,10000,4128.3859,taskset -c 0,candidate
p1-v2-primary-3716b0b-retry,block-008,230,17,2026-08-22T16:21:40.832431+00:00,1787415700832449949,H5,O1,tiny_02_empty_arr,40851646,10000,4085.1646,taskset -c 0,candidate
p1-v2-primary-3716b0b-retry,block-008,231,16,2026-08-22T16:21:40.873560+00:00,1787415700873578061,H4,O1,tiny_02_empty_arr,41070262,10000,4107.0262,taskset -c 0,candidate
p1-v2-primary-3716b0b-retry,block-008,232,16,2026-08-22T16:21:40.874819+00:00,1787415700874832121,C,O2,tiny_02_empty_arr,1205841,10000,120.5841,taskset -c 0,control
p1-v2-primary-3716b0b-retry,block-008,233,17,2026-08-22T16:21:40.876250+00:00,1787415700876265859,C,O2,tiny_02_empty_arr,1383318,10000,138.3318,taskset -c 0,control
p1-v2-primary-3716b0b-retry,block-008,234,17,2026-08-22T16:21:40.917192+00:00,1787415700917210403,H4,O1,tiny_02_empty_arr,40886245,10000,4088.6245,taskset -c 0,candidate
p1-v2-primary-3716b0b-retry,block-009,235,18,2026-08-22T16:21:40.958997+00:00,1787415700959014784,H5,O1,tiny_02_empty_arr,41740272,10000,4174.0272,taskset -c 0,candidate
p1-v2-primary-3716b0b-retry,block-009,236,18,2026-08-22T16:21:41.000365+00:00,1787415701000383752,H4,O1,tiny_02_empty_arr,41310269,10000,4131.0269,taskset -c 0,candidate
p1-v2-primary-3716b0b-retry,block-009,237,18,2026-08-22T16:21:41.001598+00:00,1787415701001610183,C,O2,tiny_02_empty_arr,1178102,10000,117.8102,taskset -c 0,control
p1-v2-primary-3716b0b-retry,block-009,238,19,2026-08-22T16:21:41.002720+00:00,1787415701002735406,C,O2,tiny_02_empty_arr,1065473,10000,106.5473,taskset -c 0,control
p1-v2-primary-3716b0b-retry,block-009,239,19,2026-08-22T16:21:41.046664+00:00,1787415701046681803,H4,O1,tiny_02_empty_arr,43890808,10000,4389.0808,taskset -c 0,candidate
p1-v2-primary-3716b0b-retry,block-009,240,19,2026-08-22T16:21:41.089132+00:00,1787415701089152414,H5,O1,tiny_02_empty_arr,42350083,10000,4235.0083,taskset -c 0,candidate
p1-v2-primary-3716b0b-retry,block-010,241,20,2026-08-22T16:21:41.131688+00:00,1787415701131707903,H4,O1,tiny_02_empty_arr,42487240,10000,4248.724,taskset -c 0,candidate
p1-v2-primary-3716b0b-retry,block-010,242,20,2026-08-22T16:21:41.133034+00:00,1787415701133048312,C,O2,tiny_02_empty_arr,1289070,10000,128.907,taskset -c 0,control
p1-v2-primary-3716b0b-retry,block-010,243,21,2026-08-22T16:21:41.134168+00:00,1787415701134180745,C,O2,tiny_02_empty_arr,1085733,10000,108.5733,taskset -c 0,control
p1-v2-primary-3716b0b-retry,block-010,244,21,2026-08-22T16:21:41.176931+00:00,1787415701176948651,H4,O1,tiny_02_empty_arr,42712966,10000,4271.2966,taskset -c 0,candidate
p1-v2-primary-3716b0b-retry,block-010,245,20,2026-08-22T16:21:41.218680+00:00,1787415701218698382,H5,O1,tiny_02_empty_arr,41687142,10000,4168.7142,taskset -c 0,candidate
p1-v2-primary-3716b0b-retry,block-010,246,21,2026-08-22T16:21:41.261222+00:00,1787415701261239561,H5,O1,tiny_02_empty_arr,42484360,10000,4248.436,taskset -c 0,candidate
p1-v2-primary-3716b0b-retry,block-011,247,22,2026-08-22T16:21:41.262566+00:00,1787415701262580461,C,O2,tiny_02_empty_arr,1283930,10000,128.393,taskset -c 0,control
p1-v2-primary-3716b0b-retry,block-011,248,23,2026-08-22T16:21:41.263671+00:00,1787415701263682574,C,O2,tiny_02_empty_arr,1051894,10000,105.1894,taskset -c 0,control
p1-v2-primary-3716b0b-retry,block-011,249,22,2026-08-22T16:21:41.311036+00:00,1787415701311062978,H4,O1,tiny_02_empty_arr,47305195,10000,4730.5195,taskset -c 0,candidate
p1-v2-primary-3716b0b-retry,block-011,250,22,2026-08-22T16:21:41.353417+00:00,1787415701353441530,H5,O1,tiny_02_empty_arr,41945979,10000,4194.5979,taskset -c 0,candidate
p1-v2-primary-3716b0b-retry,block-011,251,23,2026-08-22T16:21:41.399675+00:00,1787415701399693922,H5,O1,tiny_02_empty_arr,46182433,10000,4618.2433,taskset -c 0,candidate
p1-v2-primary-3716b0b-retry,block-011,252,23,2026-08-22T16:21:41.442518+00:00,1787415701442540207,H4,O1,tiny_02_empty_arr,42781226,10000,4278.1226,taskset -c 0,candidate
p1-v2-primary-3716b0b-retry,block-012,253,24,2026-08-22T16:21:41.444222+00:00,1787415701444240891,C,O2,tiny_02_empty_arr,1631004,10000,163.1004,taskset -c 0,control
p1-v2-primary-3716b0b-retry,block-012,254,24,2026-08-22T16:21:41.488948+00:00,1787415701488964786,H4,O1,tiny_02_empty_arr,44665366,10000,4466.5366,taskset -c 0,candidate
p1-v2-primary-3716b0b-retry,block-012,255,24,2026-08-22T16:21:41.531736+00:00,1787415701531753351,H5,O1,tiny_02_empty_arr,42732606,10000,4273.2606,taskset -c 0,candidate
p1-v2-primary-3716b0b-retry,block-012,256,25,2026-08-22T16:21:41.578245+00:00,1787415701578264344,H5,O1,tiny_02_empty_arr,46452764,10000,4645.2764,taskset -c 0,candidate
p1-v2-primary-3716b0b-retry,block-012,257,25,2026-08-22T16:21:41.619617+00:00,1787415701619641007,H4,O1,tiny_02_empty_arr,41304433,10000,4130.4433,taskset -c 0,candidate
p1-v2-primary-3716b0b-retry,block-012,258,25,2026-08-22T16:21:41.621021+00:00,1787415701621035415,C,O2,tiny_02_empty_arr,1329560,10000,132.956,taskset -c 0,control
p1-v2-primary-3716b0b-retry,block-013,259,26,2026-08-22T16:21:41.663827+00:00,1787415701663844950,H4,O1,tiny_02_empty_arr,42747626,10000,4274.7626,taskset -c 0,candidate
p1-v2-primary-3716b0b-retry,block-013,260,26,2026-08-22T16:21:41.704978+00:00,1787415701704995711,H5,O1,tiny_02_empty_arr,41091642,10000,4109.1642,taskset -c 0,candidate
p1-v2-primary-3716b0b-retry,block-013,261,27,2026-08-22T16:21:41.747479+00:00,1787415701747497391,H5,O1,tiny_02_empty_arr,42444241,10000,4244.4241,taskset -c 0,candidate
p1-v2-primary-3716b0b-retry,block-013,262,27,2026-08-22T16:21:41.790261+00:00,1787415701790278816,H4,O1,tiny_02_empty_arr,42723036,10000,4272.3036,taskset -c 0,candidate
p1-v2-primary-3716b0b-retry,block-013,263,26,2026-08-22T16:21:41.791522+00:00,1787415701791538797,C,O2,tiny_02_empty_arr,1193212,10000,119.3212,taskset -c 0,control
p1-v2-primary-3716b0b-retry,block-013,264,27,2026-08-22T16:21:41.792840+00:00,1787415701792853186,C,O2,tiny_02_empty_arr,1266720,10000,126.672,taskset -c 0,control
p1-v2-primary-3716b0b-retry,block-014,265,28,2026-08-22T16:21:41.834929+00:00,1787415701834947533,H5,O1,tiny_02_empty_arr,42033958,10000,4203.3958,taskset -c 0,candidate
p1-v2-primary-3716b0b-retry,block-014,266,29,2026-08-22T16:21:41.875811+00:00,1787415701875834788,H5,O1,tiny_02_empty_arr,40825446,10000,4082.5446,taskset -c 0,candidate
p1-v2-primary-3716b0b-retry,block-014,267,28,2026-08-22T16:21:41.918474+00:00,1787415701918492666,H4,O1,tiny_02_empty_arr,42596879,10000,4259.6879,taskset -c 0,candidate
p1-v2-primary-3716b0b-retry,block-014,268,28,2026-08-22T16:21:41.919772+00:00,1787415701919785596,C,O2,tiny_02_empty_arr,1234380,10000,123.438,taskset -c 0,control
p1-v2-primary-3716b0b-retry,block-014,269,29,2026-08-22T16:21:41.920847+00:00,1787415701920858839,C,O2,tiny_02_empty_arr,1030364,10000,103.0364,taskset -c 0,control
p1-v2-primary-3716b0b-retry,block-014,270,29,2026-08-22T16:21:41.961515+00:00,1787415701961532867,H4,O1,tiny_02_empty_arr,40617409,10000,4061.7409,taskset -c 0,candidate
p1-v2-primary-3716b0b-retry,block-000,271,0,2026-08-22T16:21:42.824520+00:00,1787415702824534254,C,O2,tiny_05_string,1269170,10000,126.917,taskset -c 0,control
p1-v2-primary-3716b0b-retry,block-000,272,0,2026-08-22T16:21:42.866462+00:00,1787415702866480772,H4,O1,tiny_05_string,41889929,10000,4188.9929,taskset -c 0,candidate
p1-v2-primary-3716b0b-retry,block-000,273,0,2026-08-22T16:21:42.907788+00:00,1787415702907805871,H5,O1,tiny_05_string,41267279,10000,4126.7279,taskset -c 0,candidate
p1-v2-primary-3716b0b-retry,block-000,274,1,2026-08-22T16:21:42.949170+00:00,1787415702949221137,H5,O1,tiny_05_string,41322707,10000,4132.2707,taskset -c 0,candidate
p1-v2-primary-3716b0b-retry,block-000,275,1,2026-08-22T16:21:42.990866+00:00,1787415702990884190,H4,O1,tiny_05_string,41602254,10000,4160.2254,taskset -c 0,candidate
p1-v2-primary-3716b0b-retry,block-000,276,1,2026-08-22T16:21:42.992173+00:00,1787415702992186290,C,O2,tiny_05_string,1252231,10000,125.2231,taskset -c 0,control
p1-v2-primary-3716b0b-retry,block-001,277,2,2026-08-22T16:21:43.033738+00:00,1787415703033756124,H4,O1,tiny_05_string,41507685,10000,4150.7685,taskset -c 0,candidate
p1-v2-primary-3716b0b-retry,block-001,278,2,2026-08-22T16:21:43.075313+00:00,1787415703075331689,H5,O1,tiny_05_string,41497116,10000,4149.7116,taskset -c 0,candidate
p1-v2-primary-3716b0b-retry,block-001,279,3,2026-08-22T16:21:43.117287+00:00,1787415703117310953,H5,O1,tiny_05_string,41823857,10000,4182.3857,taskset -c 0,candidate
p1-v2-primary-3716b0b-retry,block-001,280,3,2026-08-22T16:21:43.161438+00:00,1787415703161456021,H4,O1,tiny_05_string,44040560,10000,4404.056,taskset -c 0,candidate
p1-v2-primary-3716b0b-retry,block-001,281,2,2026-08-22T16:21:43.162711+00:00,1787415703162724522,C,O2,tiny_05_string,1221161,10000,122.1161,taskset -c 0,control
p1-v2-primary-3716b0b-retry,block-001,282,3,2026-08-22T16:21:43.164005+00:00,1787415703164024521,C,O2,tiny_05_string,1236630,10000,123.663,taskset -c 0,control
p1-v2-primary-3716b0b-retry,block-002,283,4,2026-08-22T16:21:43.205316+00:00,1787415703205334389,H5,O1,tiny_05_string,41242869,10000,4124.2869,taskset -c 0,candidate
p1-v2-primary-3716b0b-retry,block-002,284,5,2026-08-22T16:21:43.246640+00:00,1787415703246658788,H5,O1,tiny_05_string,41266340,10000,4126.634,taskset -c 0,candidate
p1-v2-primary-3716b0b-retry,block-002,285,4,2026-08-22T16:21:43.289814+00:00,1787415703289831798,H4,O1,tiny_05_string,43115941,10000,4311.5941,taskset -c 0,candidate
p1-v2-primary-3716b0b-retry,block-002,286,4,2026-08-22T16:21:43.291354+00:00,1787415703291368364,C,O2,tiny_05_string,1486947,10000,148.6947,taskset -c 0,control
p1-v2-primary-3716b0b-retry,block-002,287,5,2026-08-22T16:21:43.292621+00:00,1787415703292635294,C,O2,tiny_05_string,1217251,10000,121.7251,taskset -c 0,control
p1-v2-primary-3716b0b-retry,block-002,288,5,2026-08-22T16:21:43.334224+00:00,1787415703334242254,H4,O1,tiny_05_string,41542850,10000,4154.285,taskset -c 0,candidate
p1-v2-primary-3716b0b-retry,block-003,289,6,2026-08-22T16:21:43.377321+00:00,1787415703377340484,H5,O1,tiny_05_string,43030002,10000,4303.0002,taskset -c 0,candidate
p1-v2-primary-3716b0b-retry,block-003,290,6,2026-08-22T16:21:43.419299+00:00,1787415703419315482,H4,O1,tiny_05_string,41918189,10000,4191.8189,taskset -c 0,candidate
p1-v2-primary-3716b0b-retry,block-003,291,6,2026-08-22T16:21:43.421056+00:00,1787415703421073240,C,O2,tiny_05_string,1698428,10000,169.8428,taskset -c 0,control
p1-v2-primary-3716b0b-retry,block-003,292,7,2026-08-22T16:21:43.422672+00:00,1787415703422688754,C,O2,tiny_05_string,1557875,10000,155.7875,taskset -c 0,control
p1-v2-primary-3716b0b-retry,block-003,293,7,2026-08-22T16:21:43.467907+00:00,1787415703467926582,H4,O1,tiny_05_string,45175599,10000,4517.5599,taskset -c 0,candidate
p1-v2-primary-3716b0b-retry,block-003,294,7,2026-08-22T16:21:43.512733+00:00,1787415703512750306,H5,O1,tiny_05_string,44766295,10000,4476.6295,taskset -c 0,candidate
p1-v2-primary-3716b0b-retry,block-004,295,8,2026-08-22T16:21:43.556226+00:00,1787415703556244297,H4,O1,tiny_05_string,43429541,10000,4342.9541,taskset -c 0,candidate
p1-v2-primary-3716b0b-retry,block-004,296,8,2026-08-22T16:21:43.557553+00:00,1787415703557566976,C,O2,tiny_05_string,1273601,10000,127.3601,taskset -c 0,control
p1-v2-primary-3716b0b-retry,block-004,297,9,2026-08-22T16:21:43.558702+00:00,1787415703558714428,C,O2,tiny_05_string,1102803,10000,110.2803,taskset -c 0,control
p1-v2-primary-3716b0b-retry,block-004,298,9,2026-08-22T16:21:43.600143+00:00,1787415703600160575,H4,O1,tiny_05_string,41384838,10000,4138.4838,taskset -c 0,candidate
p1-v2-primary-3716b0b-retry,block-004,299,8,2026-08-22T16:21:43.643109+00:00,1787415703643127052,H5,O1,tiny_05_string,42909557,10000,4290.9557,taskset -c 0,candidate
p1-v2-primary-3716b0b-retry,block-004,300,9,2026-08-22T16:21:43.684675+00:00,1787415703684693715,H5,O1,tiny_05_string,41507935,10000,4150.7935,taskset -c 0,candidate
p1-v2-primary-3716b0b-retry,block-005,301,10,2026-08-22T16:21:43.686125+00:00,1787415703686143483,C,O2,tiny_05_string,1378399,10000,137.8399,taskset -c 0,control
p1-v2-primary-3716b0b-retry,block-005,302,11,2026-08-22T16:21:43.687408+00:00,1787415703687425333,C,O2,tiny_05_string,1229821,10000,122.9821,taskset -c 0,control
p1-v2-primary-3716b0b-retry,block-005,303,10,2026-08-22T16:21:43.729177+00:00,1787415703729195335,H4,O1,tiny_05_string,41670894,10000,4167.0894,taskset -c 0,candidate
p1-v2-primary-3716b0b-retry,block-005,304,10,2026-08-22T16:21:43.770599+00:00,1787415703770616772,H5,O1,tiny_05_string,41364127,10000,4136.4127,taskset -c 0,candidate
p1-v2-primary-3716b0b-retry,block-005,305,11,2026-08-22T16:21:43.813206+00:00,1787415703813223719,H5,O1,tiny_05_string,42549129,10000,4254.9129,taskset -c 0,candidate
p1-v2-primary-3716b0b-retry,block-005,306,11,2026-08-22T16:21:43.855550+00:00,1787415703855568342,H4,O1,tiny_05_string,42280754,10000,4228.0754,taskset -c 0,candidate
p1-v2-primary-3716b0b-retry,block-006,307,12,2026-08-22T16:21:43.857231+00:00,1787415703857246616,C,O2,tiny_05_string,1615814,10000,161.5814,taskset -c 0,control
p1-v2-primary-3716b0b-retry,block-006,308,12,2026-08-22T16:21:43.901063+00:00,1787415703901080275,H4,O1,tiny_05_string,43771900,10000,4377.19,taskset -c 0,candidate
p1-v2-primary-3716b0b-retry,block-006,309,12,2026-08-22T16:21:43.942649+00:00,1787415703942667209,H5,O1,tiny_05_string,41530685,10000,4153.0685,taskset -c 0,candidate
p1-v2-primary-3716b0b-retry,block-006,310,13,2026-08-22T16:21:43.984297+00:00,1787415703984315412,H5,O1,tiny_05_string,41592343,10000,4159.2343,taskset -c 0,candidate
p1-v2-primary-3716b0b-retry,block-006,311,13,2026-08-22T16:21:44.025506+00:00,1787415704025524281,H4,O1,tiny_05_string,41150680,10000,4115.068,taskset -c 0,candidate
p1-v2-primary-3716b0b-retry,block-006,312,13,2026-08-22T16:21:44.026827+00:00,1787415704026840951,C,O2,tiny_05_string,1268581,10000,126.8581,taskset -c 0,control
p1-v2-primary-3716b0b-retry,block-007,313,14,2026-08-22T16:21:44.075165+00:00,1787415704075186750,H4,O1,tiny_05_string,48277080,10000,4827.708,taskset -c 0,candidate
p1-v2-primary-3716b0b-retry,block-007,314,14,2026-08-22T16:21:44.120418+00:00,1787415704120436713,H5,O1,tiny_05_string,45189733,10000,4518.9733,taskset -c 0,candidate
p1-v2-primary-3716b0b-retry,block-007,315,15,2026-08-22T16:21:44.162486+00:00,1787415704162508229,H5,O1,tiny_05_string,41968229,10000,4196.8229,taskset -c 0,candidate
p1-v2-primary-3716b0b-retry,block-007,316,15,2026-08-22T16:21:44.205468+00:00,1787415704205485743,H4,O1,tiny_05_string,42919845,10000,4291.9845,taskset -c 0,candidate
p1-v2-primary-3716b0b-retry,block-007,317,14,2026-08-22T16:21:44.206805+00:00,1787415704206819242,C,O2,tiny_05_string,1278760,10000,127.876,taskset -c 0,control
p1-v2-primary-3716b0b-retry,block-007,318,15,2026-08-22T16:21:44.207999+00:00,1787415704208012074,C,O2,tiny_05_string,1119502,10000,111.9502,taskset -c 0,control
p1-v2-primary-3716b0b-retry,block-008,319,16,2026-08-22T16:21:44.253491+00:00,1787415704253508231,H5,O1,tiny_05_string,45435538,10000,4543.5538,taskset -c 0,candidate
p1-v2-primary-3716b0b-retry,block-008,320,17,2026-08-22T16:21:44.294659+00:00,1787415704294676372,H5,O1,tiny_05_string,41110472,10000,4111.0472,taskset -c 0,candidate
p1-v2-primary-3716b0b-retry,block-008,321,16,2026-08-22T16:21:44.335989+00:00,1787415704336008551,H4,O1,tiny_05_string,41268159,10000,4126.8159,taskset -c 0,candidate
p1-v2-primary-3716b0b-retry,block-008,322,16,2026-08-22T16:21:44.337419+00:00,1787415704337432318,C,O2,tiny_05_string,1373799,10000,137.3799,taskset -c 0,control
p1-v2-primary-3716b0b-retry,block-008,323,17,2026-08-22T16:21:44.338649+00:00,1787415704338663869,C,O2,tiny_05_string,1182332,10000,118.2332,taskset -c 0,control
p1-v2-primary-3716b0b-retry,block-008,324,17,2026-08-22T16:21:44.380281+00:00,1787415704380301422,H4,O1,tiny_05_string,41578284,10000,4157.8284,taskset -c 0,candidate
p1-v2-primary-3716b0b-retry,block-009,325,18,2026-08-22T16:21:44.425043+00:00,1787415704425061167,H5,O1,tiny_05_string,44656486,10000,4465.6486,taskset -c 0,candidate
p1-v2-primary-3716b0b-retry,block-009,326,18,2026-08-22T16:21:44.466775+00:00,1787415704466792939,H4,O1,tiny_05_string,41671253,10000,4167.1253,taskset -c 0,candidate
p1-v2-primary-3716b0b-retry,block-009,327,18,2026-08-22T16:21:44.468202+00:00,1787415704468216637,C,O2,tiny_05_string,1368609,10000,136.8609,taskset -c 0,control
p1-v2-primary-3716b0b-retry,block-009,328,19,2026-08-22T16:21:44.469637+00:00,1787415704469651645,C,O2,tiny_05_string,1376989,10000,137.6989,taskset -c 0,control
p1-v2-primary-3716b0b-retry,block-009,329,19,2026-08-22T16:21:44.511864+00:00,1787415704511893409,H4,O1,tiny_05_string,42150245,10000,4215.0245,taskset -c 0,candidate
p1-v2-primary-3716b0b-retry,block-009,330,19,2026-08-22T16:21:44.555237+00:00,1787415704555255036,H5,O1,tiny_05_string,43252898,10000,4325.2898,taskset -c 0,candidate
p1-v2-primary-3716b0b-retry,block-010,331,20,2026-08-22T16:21:44.598595+00:00,1787415704598613118,H4,O1,tiny_05_string,43296303,10000,4329.6303,taskset -c 0,candidate
p1-v2-primary-3716b0b-retry,block-010,332,20,2026-08-22T16:21:44.600006+00:00,1787415704600022330,C,O2,tiny_05_string,1318820,10000,131.882,taskset -c 0,control
p1-v2-primary-3716b0b-retry,block-010,333,21,2026-08-22T16:21:44.601244+00:00,1787415704601257611,C,O2,tiny_05_string,1187372,10000,118.7372,taskset -c 0,control
p1-v2-primary-3716b0b-retry,block-010,334,21,2026-08-22T16:21:44.642926+00:00,1787415704642944084,H4,O1,tiny_05_string,41629684,10000,4162.9684,taskset -c 0,candidate
p1-v2-primary-3716b0b-retry,block-010,335,20,2026-08-22T16:21:44.685912+00:00,1787415704685930926,H5,O1,tiny_05_string,42929263,10000,4292.9263,taskset -c 0,candidate
p1-v2-primary-3716b0b-retry,block-010,336,21,2026-08-22T16:21:44.728614+00:00,1787415704728632543,H5,O1,tiny_05_string,42642718,10000,4264.2718,taskset -c 0,candidate
p1-v2-primary-3716b0b-retry,block-011,337,22,2026-08-22T16:21:44.729958+00:00,1787415704729972502,C,O2,tiny_05_string,1280370,10000,128.037,taskset -c 0,control
p1-v2-primary-3716b0b-retry,block-011,338,23,2026-08-22T16:21:44.731172+00:00,1787415704731184223,C,O2,tiny_05_string,1161522,10000,116.1522,taskset -c 0,control
p1-v2-primary-3716b0b-retry,block-011,339,22,2026-08-22T16:21:44.772944+00:00,1787415704772962284,H4,O1,tiny_05_string,41698962,10000,4169.8962,taskset -c 0,candidate
p1-v2-primary-3716b0b-retry,block-011,340,22,2026-08-22T16:21:44.815854+00:00,1787415704815873657,H5,O1,tiny_05_string,42851054,10000,4285.1054,taskset -c 0,candidate
p1-v2-primary-3716b0b-retry,block-011,341,23,2026-08-22T16:21:44.859809+00:00,1787415704859827205,H5,O1,tiny_05_string,43866958,10000,4386.6958,taskset -c 0,candidate
p1-v2-primary-3716b0b-retry,block-011,342,23,2026-08-22T16:21:44.901466+00:00,1787415704901484657,H4,O1,tiny_05_string,41600804,10000,4160.0804,taskset -c 0,candidate
p1-v2-primary-3716b0b-retry,block-012,343,24,2026-08-22T16:21:44.902814+00:00,1787415704902827946,C,O2,tiny_05_string,1286510,10000,128.651,taskset -c 0,control
p1-v2-primary-3716b0b-retry,block-012,344,24,2026-08-22T16:21:44.945618+00:00,1787415704945635982,H4,O1,tiny_05_string,42751677,10000,4275.1677,taskset -c 0,candidate
p1-v2-primary-3716b0b-retry,block-012,345,24,2026-08-22T16:21:44.986976+00:00,1787415704986994970,H5,O1,tiny_05_string,41301109,10000,4130.1109,taskset -c 0,candidate
p1-v2-primary-3716b0b-retry,block-012,346,25,2026-08-22T16:21:45.028522+00:00,1787415705028541665,H5,O1,tiny_05_string,41486746,10000,4148.6746,taskset -c 0,candidate
p1-v2-primary-3716b0b-retry,block-012,347,25,2026-08-22T16:21:45.069812+00:00,1787415705069829354,H4,O1,tiny_05_string,41231489,10000,4123.1489,taskset -c 0,candidate
p1-v2-primary-3716b0b-retry,block-012,348,25,2026-08-22T16:21:45.071104+00:00,1787415705071116674,C,O2,tiny_05_string,1232551,10000,123.2551,taskset -c 0,control
p1-v2-primary-3716b0b-retry,block-013,349,26,2026-08-22T16:21:45.113233+00:00,1787415705113250710,H4,O1,tiny_05_string,42072456,10000,4207.2456,taskset -c 0,candidate
p1-v2-primary-3716b0b-retry,block-013,350,26,2026-08-22T16:21:45.157865+00:00,1787415705157885647,H5,O1,tiny_05_string,44576487,10000,4457.6487,taskset -c 0,candidate
p1-v2-primary-3716b0b-retry,block-013,351,27,2026-08-22T16:21:45.200077+00:00,1787415705200095872,H5,O1,tiny_05_string,42118067,10000,4211.8067,taskset -c 0,candidate
p1-v2-primary-3716b0b-retry,block-013,352,27,2026-08-22T16:21:45.243889+00:00,1787415705243908121,H4,O1,tiny_05_string,43754130,10000,4375.413,taskset -c 0,candidate
p1-v2-primary-3716b0b-retry,block-013,353,26,2026-08-22T16:21:45.245212+00:00,1787415705245226641,C,O2,tiny_05_string,1267041,10000,126.7041,taskset -c 0,control
p1-v2-primary-3716b0b-retry,block-013,354,27,2026-08-22T16:21:45.246428+00:00,1787415705246442792,C,O2,tiny_05_string,1163622,10000,116.3622,taskset -c 0,control
p1-v2-primary-3716b0b-retry,block-014,355,28,2026-08-22T16:21:45.291702+00:00,1787415705291719809,H5,O1,tiny_05_string,45216747,10000,4521.6747,taskset -c 0,candidate
p1-v2-primary-3716b0b-retry,block-014,356,29,2026-08-22T16:21:45.334584+00:00,1787415705334603103,H5,O1,tiny_05_string,42823885,10000,4282.3885,taskset -c 0,candidate
p1-v2-primary-3716b0b-retry,block-014,357,28,2026-08-22T16:21:45.377501+00:00,1787415705377518616,H4,O1,tiny_05_string,42859534,10000,4285.9534,taskset -c 0,candidate
p1-v2-primary-3716b0b-retry,block-014,358,28,2026-08-22T16:21:45.378839+00:00,1787415705378852186,C,O2,tiny_05_string,1276740,10000,127.674,taskset -c 0,control
p1-v2-primary-3716b0b-retry,block-014,359,29,2026-08-22T16:21:45.380043+00:00,1787415705380054777,C,O2,tiny_05_string,1158502,10000,115.8502,taskset -c 0,control
p1-v2-primary-3716b0b-retry,block-014,360,29,2026-08-22T16:21:45.423985+00:00,1787415705424003599,H4,O1,tiny_05_string,43893983,10000,4389.3983,taskset -c 0,candidate
p1-v2-primary-3716b0b-retry,block-000,361,0,2026-08-22T16:21:48.051456+00:00,1787415708051470913,C,O2,tiny_06_bool_null,1519326,10000,151.9326,taskset -c 0,control
p1-v2-primary-3716b0b-retry,block-000,362,0,2026-08-22T16:21:48.180109+00:00,1787415708180126525,H4,O1,tiny_06_bool_null,128599283,10000,12859.9283,taskset -c 0,candidate
p1-v2-primary-3716b0b-retry,block-000,363,0,2026-08-22T16:21:48.306977+00:00,1787415708306995436,H5,O1,tiny_06_bool_null,126809891,10000,12680.9891,taskset -c 0,candidate
p1-v2-primary-3716b0b-retry,block-000,364,1,2026-08-22T16:21:48.435247+00:00,1787415708435265433,H5,O1,tiny_06_bool_null,128212659,10000,12821.2659,taskset -c 0,candidate
p1-v2-primary-3716b0b-retry,block-000,365,1,2026-08-22T16:21:48.569160+00:00,1787415708569178924,H4,O1,tiny_06_bool_null,133849242,10000,13384.9242,taskset -c 0,candidate
p1-v2-primary-3716b0b-retry,block-000,366,1,2026-08-22T16:21:48.570883+00:00,1787415708570899038,C,O2,tiny_06_bool_null,1665434,10000,166.5434,taskset -c 0,control
p1-v2-primary-3716b0b-retry,block-001,367,2,2026-08-22T16:21:48.702476+00:00,1787415708702493593,H4,O1,tiny_06_bool_null,131529297,10000,13152.9297,taskset -c 0,candidate
p1-v2-primary-3716b0b-retry,block-001,368,2,2026-08-22T16:21:48.829846+00:00,1787415708829863765,H5,O1,tiny_06_bool_null,127305073,10000,12730.5073,taskset -c 0,candidate
p1-v2-primary-3716b0b-retry,block-001,369,3,2026-08-22T16:21:48.958386+00:00,1787415708958405700,H5,O1,tiny_06_bool_null,128482545,10000,12848.2545,taskset -c 0,candidate
p1-v2-primary-3716b0b-retry,block-001,370,3,2026-08-22T16:21:49.091831+00:00,1787415709091850388,H4,O1,tiny_06_bool_null,133384140,10000,13338.414,taskset -c 0,candidate
p1-v2-primary-3716b0b-retry,block-001,371,2,2026-08-22T16:21:49.093427+00:00,1787415709093440534,C,O2,tiny_06_bool_null,1539686,10000,153.9686,taskset -c 0,control
p1-v2-primary-3716b0b-retry,block-001,372,3,2026-08-22T16:21:49.094945+00:00,1787415709094958320,C,O2,tiny_06_bool_null,1469737,10000,146.9737,taskset -c 0,control
p1-v2-primary-3716b0b-retry,block-002,373,4,2026-08-22T16:21:49.226134+00:00,1787415709226494717,H5,O1,tiny_06_bool_null,130837177,10000,13083.7177,taskset -c 0,candidate
p1-v2-primary-3716b0b-retry,block-002,374,5,2026-08-22T16:21:49.355581+00:00,1787415709355599722,H5,O1,tiny_06_bool_null,129031076,10000,12903.1076,taskset -c 0,candidate
p1-v2-primary-3716b0b-retry,block-002,375,4,2026-08-22T16:21:49.482938+00:00,1787415709482955374,H4,O1,tiny_06_bool_null,127297673,10000,12729.7673,taskset -c 0,candidate
p1-v2-primary-3716b0b-retry,block-002,376,4,2026-08-22T16:21:49.484574+00:00,1787415709484587289,C,O2,tiny_06_bool_null,1583416,10000,158.3416,taskset -c 0,control
p1-v2-primary-3716b0b-retry,block-002,377,5,2026-08-22T16:21:49.486071+00:00,1787415709486086156,C,O2,tiny_06_bool_null,1424758,10000,142.4758,taskset -c 0,control
p1-v2-primary-3716b0b-retry,block-002,378,5,2026-08-22T16:21:49.617060+00:00,1787415709617078051,H4,O1,tiny_06_bool_null,130927766,10000,13092.7766,taskset -c 0,candidate
p1-v2-primary-3716b0b-retry,block-003,379,6,2026-08-22T16:21:49.745775+00:00,1787415709745792324,H5,O1,tiny_06_bool_null,128651053,10000,12865.1053,taskset -c 0,candidate
p1-v2-primary-3716b0b-retry,block-003,380,6,2026-08-22T16:21:49.875299+00:00,1787415709875316862,H4,O1,tiny_06_bool_null,129466300,10000,12946.63,taskset -c 0,candidate
p1-v2-primary-3716b0b-retry,block-003,381,6,2026-08-22T16:21:49.876898+00:00,1787415709876911517,C,O2,tiny_06_bool_null,1544626,10000,154.4626,taskset -c 0,control
p1-v2-primary-3716b0b-retry,block-003,382,7,2026-08-22T16:21:49.878327+00:00,1787415709878338355,C,O2,tiny_06_bool_null,1384949,10000,138.4949,taskset -c 0,control
p1-v2-primary-3716b0b-retry,block-003,383,7,2026-08-22T16:21:50.004782+00:00,1787415710004800241,H4,O1,tiny_06_bool_null,126406347,10000,12640.6347,taskset -c 0,candidate
p1-v2-primary-3716b0b-retry,block-003,384,7,2026-08-22T16:21:50.134189+00:00,1787415710134207341,H5,O1,tiny_06_bool_null,129347471,10000,12934.7471,taskset -c 0,candidate
p1-v2-primary-3716b0b-retry,block-004,385,8,2026-08-22T16:21:50.266731+00:00,1787415710266751208,H4,O1,tiny_06_bool_null,132473478,10000,13247.3478,taskset -c 0,candidate
p1-v2-primary-3716b0b-retry,block-004,386,8,2026-08-22T16:21:50.268480+00:00,1787415710268493661,C,O2,tiny_06_bool_null,1686824,10000,168.6824,taskset -c 0,control
p1-v2-primary-3716b0b-retry,block-004,387,9,2026-08-22T16:21:50.270158+00:00,1787415710270175315,C,O2,tiny_06_bool_null,1627265,10000,162.7265,taskset -c 0,control
p1-v2-primary-3716b0b-retry,block-004,388,9,2026-08-22T16:21:50.403224+00:00,1787415710403241364,H4,O1,tiny_06_bool_null,132971991,10000,13297.1991,taskset -c 0,candidate
p1-v2-primary-3716b0b-retry,block-004,389,8,2026-08-22T16:21:50.532157+00:00,1787415710532213771,H5,O1,tiny_06_bool_null,128877308,10000,12887.7308,taskset -c 0,candidate
p1-v2-primary-3716b0b-retry,block-004,390,9,2026-08-22T16:21:50.665987+00:00,1787415710666005182,H5,O1,tiny_06_bool_null,133728992,10000,13372.8992,taskset -c 0,candidate
p1-v2-primary-3716b0b-retry,block-005,391,10,2026-08-22T16:21:50.667596+00:00,1787415710667609057,C,O2,tiny_06_bool_null,1549696,10000,154.9696,taskset -c 0,control
p1-v2-primary-3716b0b-retry,block-005,392,11,2026-08-22T16:21:50.669063+00:00,1787415710669076295,C,O2,tiny_06_bool_null,1420798,10000,142.0798,taskset -c 0,control
p1-v2-primary-3716b0b-retry,block-005,393,10,2026-08-22T16:21:50.796465+00:00,1787415710796482466,H4,O1,tiny_06_bool_null,127351632,10000,12735.1632,taskset -c 0,candidate
p1-v2-primary-3716b0b-retry,block-005,394,10,2026-08-22T16:21:50.923501+00:00,1787415710923518043,H5,O1,tiny_06_bool_null,126978758,10000,12697.8758,taskset -c 0,candidate
p1-v2-primary-3716b0b-retry,block-005,395,11,2026-08-22T16:21:51.050973+00:00,1787415711050990944,H5,O1,tiny_06_bool_null,127415342,10000,12741.5342,taskset -c 0,candidate
p1-v2-primary-3716b0b-retry,block-005,396,11,2026-08-22T16:21:51.181220+00:00,1787415711181242401,H4,O1,tiny_06_bool_null,130182868,10000,13018.2868,taskset -c 0,candidate
p1-v2-primary-3716b0b-retry,block-006,397,12,2026-08-22T16:21:51.183183+00:00,1787415711183199171,C,O2,tiny_06_bool_null,1893810,10000,189.381,taskset -c 0,control
p1-v2-primary-3716b0b-retry,block-006,398,12,2026-08-22T16:21:51.310255+00:00,1787415711310273868,H4,O1,tiny_06_bool_null,127017137,10000,12701.7137,taskset -c 0,candidate
p1-v2-primary-3716b0b-retry,block-006,399,12,2026-08-22T16:21:51.439223+00:00,1787415711439241765,H5,O1,tiny_06_bool_null,128909829,10000,12890.9829,taskset -c 0,candidate
p1-v2-primary-3716b0b-retry,block-006,400,13,2026-08-22T16:21:51.578585+00:00,1787415711578605570,H5,O1,tiny_06_bool_null,139298536,10000,13929.8536,taskset -c 0,candidate
p1-v2-primary-3716b0b-retry,block-006,401,13,2026-08-22T16:21:51.712649+00:00,1787415711712667243,H4,O1,tiny_06_bool_null,134004184,10000,13400.4184,taskset -c 0,candidate
p1-v2-primary-3716b0b-retry,block-006,402,13,2026-08-22T16:21:51.714325+00:00,1787415711714342497,C,O2,tiny_06_bool_null,1572546,10000,157.2546,taskset -c 0,control
p1-v2-primary-3716b0b-retry,block-007,403,14,2026-08-22T16:21:51.852529+00:00,1787415711852557812,H4,O1,tiny_06_bool_null,138122337,10000,13812.2337,taskset -c 0,candidate
p1-v2-primary-3716b0b-retry,block-007,404,14,2026-08-22T16:21:51.990590+00:00,1787415711990608562,H5,O1,tiny_06_bool_null,137983941,10000,13798.3941,taskset -c 0,candidate
p1-v2-primary-3716b0b-retry,block-007,405,15,2026-08-22T16:21:52.117676+00:00,1787415712117693319,H5,O1,tiny_06_bool_null,127027868,10000,12702.7868,taskset -c 0,candidate
p1-v2-primary-3716b0b-retry,block-007,406,15,2026-08-22T16:21:52.244486+00:00,1787415712244505100,H4,O1,tiny_06_bool_null,126753571,10000,12675.3571,taskset -c 0,candidate
p1-v2-primary-3716b0b-retry,block-007,407,14,2026-08-22T16:21:52.246022+00:00,1787415712246035906,C,O2,tiny_06_bool_null,1481277,10000,148.1277,taskset -c 0,control
p1-v2-primary-3716b0b-retry,block-007,408,15,2026-08-22T16:21:52.247522+00:00,1787415712247534892,C,O2,tiny_06_bool_null,1447147,10000,144.7147,taskset -c 0,control
p1-v2-primary-3716b0b-retry,block-008,409,16,2026-08-22T16:21:52.374961+00:00,1787415712374978403,H5,O1,tiny_06_bool_null,127382522,10000,12738.2522,taskset -c 0,candidate
p1-v2-primary-3716b0b-retry,block-008,410,17,2026-08-22T16:21:52.503901+00:00,1787415712503920007,H5,O1,tiny_06_bool_null,128875675,10000,12887.5675,taskset -c 0,candidate
p1-v2-primary-3716b0b-retry,block-008,411,16,2026-08-22T16:21:52.633872+00:00,1787415712633889513,H4,O1,tiny_06_bool_null,129911997,10000,12991.1997,taskset -c 0,candidate
p1-v2-primary-3716b0b-retry,block-008,412,16,2026-08-22T16:21:52.635516+00:00,1787415712635529388,C,O2,tiny_06_bool_null,1590655,10000,159.0655,taskset -c 0,control
p1-v2-primary-3716b0b-retry,block-008,413,17,2026-08-22T16:21:52.637090+00:00,1787415712637104403,C,O2,tiny_06_bool_null,1525686,10000,152.5686,taskset -c 0,control
p1-v2-primary-3716b0b-retry,block-008,414,17,2026-08-22T16:21:52.765292+00:00,1787415712765310952,H4,O1,tiny_06_bool_null,128148400,10000,12814.84,taskset -c 0,candidate
p1-v2-primary-3716b0b-retry,block-009,415,18,2026-08-22T16:21:52.894362+00:00,1787415712894379268,H5,O1,tiny_06_bool_null,128998508,10000,12899.8508,taskset -c 0,candidate
p1-v2-primary-3716b0b-retry,block-009,416,18,2026-08-22T16:21:53.024570+00:00,1787415713024588581,H4,O1,tiny_06_bool_null,130150383,10000,13015.0383,taskset -c 0,candidate
p1-v2-primary-3716b0b-retry,block-009,417,18,2026-08-22T16:21:53.026108+00:00,1787415713026121277,C,O2,tiny_06_bool_null,1484736,10000,148.4736,taskset -c 0,control
p1-v2-primary-3716b0b-retry,block-009,418,19,2026-08-22T16:21:53.027628+00:00,1787415713027640363,C,O2,tiny_06_bool_null,1466227,10000,146.6227,taskset -c 0,control
p1-v2-primary-3716b0b-retry,block-009,419,19,2026-08-22T16:21:53.159138+00:00,1787415713159156372,H4,O1,tiny_06_bool_null,131460470,10000,13146.047,taskset -c 0,candidate
p1-v2-primary-3716b0b-retry,block-009,420,19,2026-08-22T16:21:53.288680+00:00,1787415713288697195,H5,O1,tiny_06_bool_null,129484814,10000,12948.4814,taskset -c 0,candidate
p1-v2-primary-3716b0b-retry,block-010,421,20,2026-08-22T16:21:53.415475+00:00,1787415713415491996,H4,O1,tiny_06_bool_null,126731462,10000,12673.1462,taskset -c 0,candidate
p1-v2-primary-3716b0b-retry,block-010,422,20,2026-08-22T16:21:53.417050+00:00,1787415713417063422,C,O2,tiny_06_bool_null,1523306,10000,152.3306,taskset -c 0,control
p1-v2-primary-3716b0b-retry,block-010,423,21,2026-08-22T16:21:53.418558+00:00,1787415713418572398,C,O2,tiny_06_bool_null,1461327,10000,146.1327,taskset -c 0,control
p1-v2-primary-3716b0b-retry,block-010,424,21,2026-08-22T16:21:53.555191+00:00,1787415713555210277,H4,O1,tiny_06_bool_null,136577269,10000,13657.7269,taskset -c 0,candidate
p1-v2-primary-3716b0b-retry,block-010,425,20,2026-08-22T16:21:53.688072+00:00,1787415713688090653,H5,O1,tiny_06_bool_null,132821358,10000,13282.1358,taskset -c 0,candidate
p1-v2-primary-3716b0b-retry,block-010,426,21,2026-08-22T16:21:53.816659+00:00,1787415713816679807,H5,O1,tiny_06_bool_null,128528735,10000,12852.8735,taskset -c 0,candidate
p1-v2-primary-3716b0b-retry,block-011,427,22,2026-08-22T16:21:53.818296+00:00,1787415713818313312,C,O2,tiny_06_bool_null,1526376,10000,152.6376,taskset -c 0,control
p1-v2-primary-3716b0b-retry,block-011,428,23,2026-08-22T16:21:53.819812+00:00,1787415713819825438,C,O2,tiny_06_bool_null,1456587,10000,145.6587,taskset -c 0,control
p1-v2-primary-3716b0b-retry,block-011,429,22,2026-08-22T16:21:53.948109+00:00,1787415713948127656,H4,O1,tiny_06_bool_null,128245719,10000,12824.5719,taskset -c 0,candidate
p1-v2-primary-3716b0b-retry,block-011,430,22,2026-08-22T16:21:54.075559+00:00,1787415714075578667,H5,O1,tiny_06_bool_null,127385772,10000,12738.5772,taskset -c 0,candidate
p1-v2-primary-3716b0b-retry,block-011,431,23,2026-08-22T16:21:54.212791+00:00,1787415714212809727,H5,O1,tiny_06_bool_null,137173761,10000,13717.3761,taskset -c 0,candidate
p1-v2-primary-3716b0b-retry,block-011,432,23,2026-08-22T16:21:54.354277+00:00,1787415714354296700,H4,O1,tiny_06_bool_null,141424994,10000,14142.4994,taskset -c 0,candidate
p1-v2-primary-3716b0b-retry,block-012,433,24,2026-08-22T16:21:54.355945+00:00,1787415714355959594,C,O2,tiny_06_bool_null,1602055,10000,160.2055,taskset -c 0,control
p1-v2-primary-3716b0b-retry,block-012,434,24,2026-08-22T16:21:54.485078+00:00,1787415714485096798,H4,O1,tiny_06_bool_null,129078375,10000,12907.8375,taskset -c 0,candidate
p1-v2-primary-3716b0b-retry,block-012,435,24,2026-08-22T16:21:54.612590+00:00,1787415714612607809,H5,O1,tiny_06_bool_null,127454412,10000,12745.4412,taskset -c 0,candidate
p1-v2-primary-3716b0b-retry,block-012,436,25,2026-08-22T16:21:54.743277+00:00,1787415714743294839,H5,O1,tiny_06_bool_null,130630741,10000,13063.0741,taskset -c 0,candidate
p1-v2-primary-3716b0b-retry,block-012,437,25,2026-08-22T16:21:54.876533+00:00,1787415714876550959,H4,O1,tiny_06_bool_null,133197201,10000,13319.7201,taskset -c 0,candidate
p1-v2-primary-3716b0b-retry,block-012,438,25,2026-08-22T16:21:54.878160+00:00,1787415714878173234,C,O2,tiny_06_bool_null,1564866,10000,156.4866,taskset -c 0,control
p1-v2-primary-3716b0b-retry,block-013,439,26,2026-08-22T16:21:55.005810+00:00,1787415715005826872,H4,O1,tiny_06_bool_null,127592539,10000,12759.2539,taskset -c 0,candidate
p1-v2-primary-3716b0b-retry,block-013,440,26,2026-08-22T16:21:55.136075+00:00,1787415715136098559,H5,O1,tiny_06_bool_null,130209848,10000,13020.9848,taskset -c 0,candidate
p1-v2-primary-3716b0b-retry,block-013,441,27,2026-08-22T16:21:55.266887+00:00,1787415715266904198,H5,O1,tiny_06_bool_null,130708880,10000,13070.888,taskset -c 0,candidate
p1-v2-primary-3716b0b-retry,block-013,442,27,2026-08-22T16:21:55.394117+00:00,1787415715394134673,H4,O1,tiny_06_bool_null,127171866,10000,12717.1866,taskset -c 0,candidate
p1-v2-primary-3716b0b-retry,block-013,443,26,2026-08-22T16:21:55.395775+00:00,1787415715395789798,C,O2,tiny_06_bool_null,1604945,10000,160.4945,taskset -c 0,control
p1-v2-primary-3716b0b-retry,block-013,444,27,2026-08-22T16:21:55.397241+00:00,1787415715397253895,C,O2,tiny_06_bool_null,1412648,10000,141.2648,taskset -c 0,control
p1-v2-primary-3716b0b-retry,block-014,445,28,2026-08-22T16:21:55.527972+00:00,1787415715527990330,H5,O1,tiny_06_bool_null,130674807,10000,13067.4807,taskset -c 0,candidate
p1-v2-primary-3716b0b-retry,block-014,446,29,2026-08-22T16:21:55.659201+00:00,1787415715659219536,H5,O1,tiny_06_bool_null,131171717,10000,13117.1717,taskset -c 0,candidate
p1-v2-primary-3716b0b-retry,block-014,447,28,2026-08-22T16:21:55.790231+00:00,1787415715790251001,H4,O1,tiny_06_bool_null,130968946,10000,13096.8946,taskset -c 0,candidate
p1-v2-primary-3716b0b-retry,block-014,448,28,2026-08-22T16:21:55.792006+00:00,1787415715792020194,C,O2,tiny_06_bool_null,1708534,10000,170.8534,taskset -c 0,control
p1-v2-primary-3716b0b-retry,block-014,449,29,2026-08-22T16:21:55.793518+00:00,1787415715793528761,C,O2,tiny_06_bool_null,1468117,10000,146.8117,taskset -c 0,control
p1-v2-primary-3716b0b-retry,block-014,450,29,2026-08-22T16:21:55.923606+00:00,1787415715923624421,H4,O1,tiny_06_bool_null,130035172,10000,13003.5172,taskset -c 0,candidate
p1-v2-primary-3716b0b-retry,block-000,451,0,2026-08-22T16:21:56.775893+00:00,1787415716775909116,C,O2,tiny_01_empty_obj,1440908,10000,144.0908,taskset -c 0,control
p1-v2-primary-3716b0b-retry,block-000,452,0,2026-08-22T16:21:56.816845+00:00,1787415716816863120,H4,O1,tiny_01_empty_obj,40897745,10000,4089.7745,taskset -c 0,candidate
p1-v2-primary-3716b0b-retry,block-000,453,0,2026-08-22T16:21:56.860428+00:00,1787415716860446733,H5,O1,tiny_01_empty_obj,43526393,10000,4352.6393,taskset -c 0,candidate
p1-v2-primary-3716b0b-retry,block-000,454,1,2026-08-22T16:21:56.903925+00:00,1787415716903944688,H5,O1,tiny_01_empty_obj,43434116,10000,4343.4116,taskset -c 0,candidate
p1-v2-primary-3716b0b-retry,block-000,455,1,2026-08-22T16:21:56.950097+00:00,1787415716950115721,H4,O1,tiny_01_empty_obj,46108663,10000,4610.8663,taskset -c 0,candidate
p1-v2-primary-3716b0b-retry,block-000,456,1,2026-08-22T16:21:56.951420+00:00,1787415716951433110,C,O2,tiny_01_empty_obj,1268391,10000,126.8391,taskset -c 0,control
p1-v2-primary-3716b0b-retry,block-001,457,2,2026-08-22T16:21:56.992629+00:00,1787415716992647560,H4,O1,tiny_01_empty_obj,41152121,10000,4115.2121,taskset -c 0,candidate
p1-v2-primary-3716b0b-retry,block-001,458,2,2026-08-22T16:21:57.034966+00:00,1787415717034983918,H5,O1,tiny_01_empty_obj,42269319,10000,4226.9319,taskset -c 0,candidate
p1-v2-primary-3716b0b-retry,block-001,459,3,2026-08-22T16:21:57.076796+00:00,1787415717076814798,H5,O1,tiny_01_empty_obj,41772861,10000,4177.2861,taskset -c 0,candidate
p1-v2-primary-3716b0b-retry,block-001,460,3,2026-08-22T16:21:57.117786+00:00,1787415717117803672,H4,O1,tiny_01_empty_obj,40932094,10000,4093.2094,taskset -c 0,candidate
p1-v2-primary-3716b0b-retry,block-001,461,2,2026-08-22T16:21:57.119063+00:00,1787415717119079552,C,O2,tiny_01_empty_obj,1222781,10000,122.2781,taskset -c 0,control
p1-v2-primary-3716b0b-retry,block-001,462,3,2026-08-22T16:21:57.120295+00:00,1787415717120308063,C,O2,tiny_01_empty_obj,1175431,10000,117.5431,taskset -c 0,control
p1-v2-primary-3716b0b-retry,block-002,463,4,2026-08-22T16:21:57.163563+00:00,1787415717163582296,H5,O1,tiny_01_empty_obj,43210014,10000,4321.0014,taskset -c 0,candidate
p1-v2-primary-3716b0b-retry,block-002,464,5,2026-08-22T16:21:57.207252+00:00,1787415717207269873,H5,O1,tiny_01_empty_obj,43629427,10000,4362.9427,taskset -c 0,candidate
p1-v2-primary-3716b0b-retry,block-002,465,4,2026-08-22T16:21:57.250578+00:00,1787415717250596374,H4,O1,tiny_01_empty_obj,43268513,10000,4326.8513,taskset -c 0,candidate
p1-v2-primary-3716b0b-retry,block-002,466,4,2026-08-22T16:21:57.251971+00:00,1787415717251986013,C,O2,tiny_01_empty_obj,1335759,10000,133.5759,taskset -c 0,control
p1-v2-primary-3716b0b-retry,block-002,467,5,2026-08-22T16:21:57.253176+00:00,1787415717253187704,C,O2,tiny_01_empty_obj,1154892,10000,115.4892,taskset -c 0,control
p1-v2-primary-3716b0b-retry,block-002,468,5,2026-08-22T16:21:57.298609+00:00,1787415717298627079,H4,O1,tiny_01_empty_obj,45375146,10000,4537.5146,taskset -c 0,candidate
p1-v2-primary-3716b0b-retry,block-003,469,6,2026-08-22T16:21:57.341799+00:00,1787415717341817184,H5,O1,tiny_01_empty_obj,43126646,10000,4312.6646,taskset -c 0,candidate
p1-v2-primary-3716b0b-retry,block-003,470,6,2026-08-22T16:21:57.384560+00:00,1787415717384578344,H4,O1,tiny_01_empty_obj,42700660,10000,4270.066,taskset -c 0,candidate
p1-v2-primary-3716b0b-retry,block-003,471,6,2026-08-22T16:21:57.385842+00:00,1787415717385856974,C,O2,tiny_01_empty_obj,1225491,10000,122.5491,taskset -c 0,control
p1-v2-primary-3716b0b-retry,block-003,472,7,2026-08-22T16:21:57.387037+00:00,1787415717387050405,C,O2,tiny_01_empty_obj,1118613,10000,111.8613,taskset -c 0,control
p1-v2-primary-3716b0b-retry,block-003,473,7,2026-08-22T16:21:57.429176+00:00,1787415717429193771,H4,O1,tiny_01_empty_obj,42086227,10000,4208.6227,taskset -c 0,candidate
p1-v2-primary-3716b0b-retry,block-003,474,7,2026-08-22T16:21:57.471117+00:00,1787415717471134619,H5,O1,tiny_01_empty_obj,41884189,10000,4188.4189,taskset -c 0,candidate
p1-v2-primary-3716b0b-retry,block-004,475,8,2026-08-22T16:21:57.512380+00:00,1787415717512398009,H4,O1,tiny_01_empty_obj,41200560,10000,4120.056,taskset -c 0,candidate
p1-v2-primary-3716b0b-retry,block-004,476,8,2026-08-22T16:21:57.513581+00:00,1787415717513594440,C,O2,tiny_01_empty_obj,1148152,10000,114.8152,taskset -c 0,control
p1-v2-primary-3716b0b-retry,block-004,477,9,2026-08-22T16:21:57.514690+00:00,1787415717514703593,C,O2,tiny_01_empty_obj,1061754,10000,106.1754,taskset -c 0,control
p1-v2-primary-3716b0b-retry,block-004,478,9,2026-08-22T16:21:57.555683+00:00,1787415717555701427,H4,O1,tiny_01_empty_obj,40935125,10000,4093.5125,taskset -c 0,candidate
p1-v2-primary-3716b0b-retry,block-004,479,8,2026-08-22T16:21:57.596750+00:00,1787415717596768119,H5,O1,tiny_01_empty_obj,41008763,10000,4100.8763,taskset -c 0,candidate
p1-v2-primary-3716b0b-retry,block-004,480,9,2026-08-22T16:21:57.638623+00:00,1787415717638641669,H5,O1,tiny_01_empty_obj,41810150,10000,4181.015,taskset -c 0,candidate
p1-v2-primary-3716b0b-retry,block-005,481,10,2026-08-22T16:21:57.639907+00:00,1787415717639921579,C,O2,tiny_01_empty_obj,1223232,10000,122.3232,taskset -c 0,control
p1-v2-primary-3716b0b-retry,block-005,482,11,2026-08-22T16:21:57.641067+00:00,1787415717641080281,C,O2,tiny_01_empty_obj,1111443,10000,111.1443,taskset -c 0,control
p1-v2-primary-3716b0b-retry,block-005,483,10,2026-08-22T16:21:57.682916+00:00,1787415717682934121,H4,O1,tiny_01_empty_obj,41796870,10000,4179.687,taskset -c 0,candidate
p1-v2-primary-3716b0b-retry,block-005,484,10,2026-08-22T16:21:57.727239+00:00,1787415717727256412,H5,O1,tiny_01_empty_obj,44264943,10000,4426.4943,taskset -c 0,candidate
p1-v2-primary-3716b0b-retry,block-005,485,11,2026-08-22T16:21:57.768931+00:00,1787415717768993344,H5,O1,tiny_01_empty_obj,41623093,10000,4162.3093,taskset -c 0,candidate
p1-v2-primary-3716b0b-retry,block-005,486,11,2026-08-22T16:21:57.811309+00:00,1787415717811326807,H4,O1,tiny_01_empty_obj,42274033,10000,4227.4033,taskset -c 0,candidate
p1-v2-primary-3716b0b-retry,block-006,487,12,2026-08-22T16:21:57.812673+00:00,1787415717812687815,C,O2,tiny_01_empty_obj,1302000,10000,130.2,taskset -c 0,control
p1-v2-primary-3716b0b-retry,block-006,488,12,2026-08-22T16:21:57.853754+00:00,1787415717853772458,H4,O1,tiny_01_empty_obj,41022243,10000,4102.2243,taskset -c 0,candidate
p1-v2-primary-3716b0b-retry,block-006,489,12,2026-08-22T16:21:57.899307+00:00,1787415717899325716,H5,O1,tiny_01_empty_obj,45493529,10000,4549.3529,taskset -c 0,candidate
p1-v2-primary-3716b0b-retry,block-006,490,13,2026-08-22T16:21:57.941627+00:00,1787415717941644824,H5,O1,tiny_01_empty_obj,42261338,10000,4226.1338,taskset -c 0,candidate
p1-v2-primary-3716b0b-retry,block-006,491,13,2026-08-22T16:21:57.984196+00:00,1787415717984213652,H4,O1,tiny_01_empty_obj,42510450,10000,4251.045,taskset -c 0,candidate
p1-v2-primary-3716b0b-retry,block-006,492,13,2026-08-22T16:21:57.985561+00:00,1787415717985576941,C,O2,tiny_01_empty_obj,1306620,10000,130.662,taskset -c 0,control
p1-v2-primary-3716b0b-retry,block-007,493,14,2026-08-22T16:21:58.026401+00:00,1787415718026459377,H4,O1,tiny_01_empty_obj,40778277,10000,4077.8277,taskset -c 0,candidate
p1-v2-primary-3716b0b-retry,block-007,494,14,2026-08-22T16:21:58.067750+00:00,1787415718067768575,H5,O1,tiny_01_empty_obj,41251000,10000,4125.1,taskset -c 0,candidate
p1-v2-primary-3716b0b-retry,block-007,495,15,2026-08-22T16:21:58.109445+00:00,1787415718109464118,H5,O1,tiny_01_empty_obj,41636764,10000,4163.6764,taskset -c 0,candidate
p1-v2-primary-3716b0b-retry,block-007,496,15,2026-08-22T16:21:58.150583+00:00,1787415718150602049,H4,O1,tiny_01_empty_obj,41079972,10000,4107.9972,taskset -c 0,candidate
p1-v2-primary-3716b0b-retry,block-007,497,14,2026-08-22T16:21:58.151906+00:00,1787415718151920678,C,O2,tiny_01_empty_obj,1266710,10000,126.671,taskset -c 0,control
p1-v2-primary-3716b0b-retry,block-007,498,15,2026-08-22T16:21:58.153059+00:00,1787415718153071710,C,O2,tiny_01_empty_obj,1096973,10000,109.6973,taskset -c 0,control
p1-v2-primary-3716b0b-retry,block-008,499,16,2026-08-22T16:21:58.198276+00:00,1787415718198294154,H5,O1,tiny_01_empty_obj,45158355,10000,4515.8355,taskset -c 0,candidate
p1-v2-primary-3716b0b-retry,block-008,500,17,2026-08-22T16:21:58.241143+00:00,1787415718241160483,H5,O1,tiny_01_empty_obj,42809310,10000,4280.931,taskset -c 0,candidate
p1-v2-primary-3716b0b-retry,block-008,501,16,2026-08-22T16:21:58.284016+00:00,1787415718284117646,H4,O1,tiny_01_empty_obj,42814955,10000,4281.4955,taskset -c 0,candidate
p1-v2-primary-3716b0b-retry,block-008,502,16,2026-08-22T16:21:58.285398+00:00,1787415718285412576,C,O2,tiny_01_empty_obj,1238131,10000,123.8131,taskset -c 0,control
p1-v2-primary-3716b0b-retry,block-008,503,17,2026-08-22T16:21:58.286498+00:00,1787415718286511089,C,O2,tiny_01_empty_obj,1052483,10000,105.2483,taskset -c 0,control
p1-v2-primary-3716b0b-retry,block-008,504,17,2026-08-22T16:21:58.327713+00:00,1787415718327731169,H4,O1,tiny_01_empty_obj,41163090,10000,4116.309,taskset -c 0,candidate
p1-v2-primary-3716b0b-retry,block-009,505,18,2026-08-22T16:21:58.370300+00:00,1787415718370318327,H5,O1,tiny_01_empty_obj,42522110,10000,4252.211,taskset -c 0,candidate
p1-v2-primary-3716b0b-retry,block-009,506,18,2026-08-22T16:21:58.411414+00:00,1787415718411432109,H4,O1,tiny_01_empty_obj,41055992,10000,4105.5992,taskset -c 0,candidate
p1-v2-primary-3716b0b-retry,block-009,507,18,2026-08-22T16:21:58.412835+00:00,1787415718412850807,C,O2,tiny_01_empty_obj,1363278,10000,136.3278,taskset -c 0,control
p1-v2-primary-3716b0b-retry,block-009,508,19,2026-08-22T16:21:58.414050+00:00,1787415718414116007,C,O2,tiny_01_empty_obj,1114813,10000,111.4813,taskset -c 0,control
p1-v2-primary-3716b0b-retry,block-009,509,19,2026-08-22T16:21:58.458434+00:00,1787415718458450079,H4,O1,tiny_01_empty_obj,44275822,10000,4427.5822,taskset -c 0,candidate
p1-v2-primary-3716b0b-retry,block-009,510,19,2026-08-22T16:21:58.499333+00:00,1787415718499352004,H5,O1,tiny_01_empty_obj,40843606,10000,4084.3606,taskset -c 0,candidate
p1-v2-primary-3716b0b-retry,block-010,511,20,2026-08-22T16:21:58.542306+00:00,1787415718542323287,H4,O1,tiny_01_empty_obj,42907204,10000,4290.7204,taskset -c 0,candidate
p1-v2-primary-3716b0b-retry,block-010,512,20,2026-08-22T16:21:58.543511+00:00,1787415718543524138,C,O2,tiny_01_empty_obj,1151742,10000,115.1742,taskset -c 0,control
p1-v2-primary-3716b0b-retry,block-010,513,21,2026-08-22T16:21:58.544603+00:00,1787415718544615971,C,O2,tiny_01_empty_obj,1043134,10000,104.3134,taskset -c 0,control
p1-v2-primary-3716b0b-retry,block-010,514,21,2026-08-22T16:21:58.585720+00:00,1787415718585737592,H4,O1,tiny_01_empty_obj,41064882,10000,4106.4882,taskset -c 0,candidate
p1-v2-primary-3716b0b-retry,block-010,515,20,2026-08-22T16:21:58.626996+00:00,1787415718627014972,H5,O1,tiny_01_empty_obj,41219860,10000,4121.986,taskset -c 0,candidate
p1-v2-primary-3716b0b-retry,block-010,516,21,2026-08-22T16:21:58.670221+00:00,1787415718670238750,H5,O1,tiny_01_empty_obj,43165770,10000,4316.577,taskset -c 0,candidate
p1-v2-primary-3716b0b-retry,block-011,517,22,2026-08-22T16:21:58.671461+00:00,1787415718671475111,C,O2,tiny_01_empty_obj,1181732,10000,118.1732,taskset -c 0,control
p1-v2-primary-3716b0b-retry,block-011,518,23,2026-08-22T16:21:58.672591+00:00,1787415718672604873,C,O2,tiny_01_empty_obj,1067233,10000,106.7233,taskset -c 0,control
p1-v2-primary-3716b0b-retry,block-011,519,22,2026-08-22T16:21:58.713384+00:00,1787415718713402560,H4,O1,tiny_01_empty_obj,40741208,10000,4074.1208,taskset -c 0,candidate
p1-v2-primary-3716b0b-retry,block-011,520,22,2026-08-22T16:21:58.755401+00:00,1787415718755419567,H5,O1,tiny_01_empty_obj,41959778,10000,4195.9778,taskset -c 0,candidate
p1-v2-primary-3716b0b-retry,block-011,521,23,2026-08-22T16:21:58.798242+00:00,1787415718798259532,H5,O1,tiny_01_empty_obj,42785366,10000,4278.5366,taskset -c 0,candidate
p1-v2-primary-3716b0b-retry,block-011,522,23,2026-08-22T16:21:58.840779+00:00,1787415718840798852,H4,O1,tiny_01_empty_obj,42475511,10000,4247.5511,taskset -c 0,candidate
p1-v2-primary-3716b0b-retry,block-012,523,24,2026-08-22T16:21:58.842213+00:00,1787415718842228030,C,O2,tiny_01_empty_obj,1346050,10000,134.605,taskset -c 0,control
p1-v2-primary-3716b0b-retry,block-012,524,24,2026-08-22T16:21:58.885703+00:00,1787415718885721454,H4,O1,tiny_01_empty_obj,43432285,10000,4343.2285,taskset -c 0,candidate
p1-v2-primary-3716b0b-retry,block-012,525,24,2026-08-22T16:21:58.928313+00:00,1787415718928333352,H5,O1,tiny_01_empty_obj,42549629,10000,4254.9629,taskset -c 0,candidate
p1-v2-primary-3716b0b-retry,block-012,526,25,2026-08-22T16:21:58.969870+00:00,1787415718969888037,H5,O1,tiny_01_empty_obj,41497135,10000,4149.7135,taskset -c 0,candidate
p1-v2-primary-3716b0b-retry,block-012,527,25,2026-08-22T16:21:59.010933+00:00,1787415719010950029,H4,O1,tiny_01_empty_obj,41006053,10000,4100.6053,taskset -c 0,candidate
p1-v2-primary-3716b0b-retry,block-012,528,25,2026-08-22T16:21:59.012165+00:00,1787415719012180040,C,O2,tiny_01_empty_obj,1133432,10000,113.3432,taskset -c 0,control
p1-v2-primary-3716b0b-retry,block-013,529,26,2026-08-22T16:21:59.052803+00:00,1787415719052821579,H4,O1,tiny_01_empty_obj,40579010,10000,4057.901,taskset -c 0,candidate
p1-v2-primary-3716b0b-retry,block-013,530,26,2026-08-22T16:21:59.093871+00:00,1787415719093889751,H5,O1,tiny_01_empty_obj,41007763,10000,4100.7763,taskset -c 0,candidate
p1-v2-primary-3716b0b-retry,block-013,531,27,2026-08-22T16:21:59.135068+00:00,1787415719135085762,H5,O1,tiny_01_empty_obj,41136501,10000,4113.6501,taskset -c 0,candidate
p1-v2-primary-3716b0b-retry,block-013,532,27,2026-08-22T16:21:59.178877+00:00,1787415719178921586,H4,O1,tiny_01_empty_obj,43748566,10000,4374.8566,taskset -c 0,candidate
p1-v2-primary-3716b0b-retry,block-013,533,26,2026-08-22T16:21:59.180441+00:00,1787415719180456892,C,O2,tiny_01_empty_obj,1455358,10000,145.5358,taskset -c 0,control
p1-v2-primary-3716b0b-retry,block-013,534,27,2026-08-22T16:21:59.181887+00:00,1787415719181902829,C,O2,tiny_01_empty_obj,1388678,10000,138.8678,taskset -c 0,control
p1-v2-primary-3716b0b-retry,block-014,535,28,2026-08-22T16:21:59.223662+00:00,1787415719223680961,H5,O1,tiny_01_empty_obj,41713322,10000,4171.3322,taskset -c 0,candidate
p1-v2-primary-3716b0b-retry,block-014,536,29,2026-08-22T16:21:59.266304+00:00,1787415719266326623,H5,O1,tiny_01_empty_obj,42540515,10000,4254.0515,taskset -c 0,candidate
p1-v2-primary-3716b0b-retry,block-014,537,28,2026-08-22T16:21:59.307289+00:00,1787415719307307937,H4,O1,tiny_01_empty_obj,40921974,10000,4092.1974,taskset -c 0,candidate
p1-v2-primary-3716b0b-retry,block-014,538,28,2026-08-22T16:21:59.308546+00:00,1787415719308559157,C,O2,tiny_01_empty_obj,1189352,10000,118.9352,taskset -c 0,control
p1-v2-primary-3716b0b-retry,block-014,539,29,2026-08-22T16:21:59.309658+00:00,1787415719309670310,C,O2,tiny_01_empty_obj,1067663,10000,106.7663,taskset -c 0,control
p1-v2-primary-3716b0b-retry,block-014,540,29,2026-08-22T16:21:59.355666+00:00,1787415719355684530,H4,O1,tiny_01_empty_obj,45956851,10000,4595.6851,taskset -c 0,candidate
